video_id,timestamps
_8xHh1tk7jY,"[5.4833, 34.9833, 101.9833, 165.4833, 232.9833]"
_Awekr6-ilg,"[30.3946, 55.0392, 157.0121, 542.5121, 703.0121, 837.012, 978.512, 1071.512, 1190.512, 1403.012, 1531.512, 1606.012, 1659.012, 1787.012, 1864.512, 2023.012, 2078.512, 2174.512, 2225.512, 2300.512, 2384.512, 2462.5119, 2524.0119, 2569.0119, 2627.5118, 2664.0117, 2809.5117, 2888.5117, 2942.5117, 2988.5116, 3042.5116, 3087.5116, 3118.0116, 3286.0116, 3370.0116, 3593.5116, 3728.5116, 3825.5116, 3938.5116, 4030.0115, 4035.0115, 4104.0115]"
_BvFr9HEiQg,"[24.961, 70.2913, 107.3214, 145.5609, 187.3366, 192.8236, 205.3429, 224.0745, 262.083, 380.5809, 493.1816, 515.3795, 563.1552, 596.7536, 632.3407, 677.7231, 720.4485, 741.1738, 792.9128, 811.8972, 1110.519, 1188.5773, 1236.5091, 1307.1052, 1357.3302, 1402.4769, 1551.9644, 1605.2989, 1659.4705, 1715.3827, 1769.7411, 1792.2949, 1874.8464, 1894.9419, 1902.2482, 1919.7455, 1937.0351, 1976.6208, 2061.0764, 2075.3232, 2156.3919]"
_e_B8rTl_rU,"[32.3223, 48.3223, 95.8223, 258.6495, 273.6494, 330.6494, 379.6494, 447.1494, 500.6493, 502.6492, 549.6492, 558.1492, 640.6492, 752.1492, 800.1491, 856.6491, 867.1491, 1053.8505, 1091.3505, 1186.1302, 1290.4699, 1420.4699, 1500.4699, 1540.4699, 1598.4699]"
_Jw3DQ7_pxg,"[6.0, 34.0, 157.9999, 280.9999, 347.4999, 411.4999, 457.4999, 465.4999, 523.4999, 646.9999, 772.4999, 826.9999, 845.4999, 890.9999, 1052.9999, 1078.4998, 1132.9998, 1149.9998, 1314.4998, 1419.4998, 1444.9997, 1485.9997, 1535.4997, 1602.4997, 1627.4997, 1731.4997, 1790.4997, 1814.4997, 1861.9997, 1908.4997, 1966.9997, 2023.4997, 2084.4997, 2094.9996, 2117.4996, 2144.9996, 2181.4996, 2213.9996, 2264.9996, 2296.4996, 2328.4996, 2381.4996, 2393.4996, 2486.4996, 2527.9996, 2564.9995, 2656.9995, 2662.9994, 2701.4994, 2805.9994, 2903.9994, 2915.4993, 2975.9993, 3032.9993, 3076.9993, 3114.4993, 3171.08]"
_YHDxyO9W8Q,"[12.0, 27.8964, 189.338, 226.838, 275.3379, 448.8379, 450.3378, 574.8378, 577.8377, 593.8377, 605.8376, 612.8376, 696.3376, 708.8375, 749.3375, 823.3375, 927.3375, 964.8375, 1023.8375, 1098.8375, 1166.8375, 1268.8375, 1322.8375, 1391.3375, 1499.3375, 1511.8374, 1613.8374, 1724.3592, 1800.3592, 1903.3592, 1907.3591, 1907.859, 1943.859, 2001.359, 2058.359, 2095.359, 2210.359, 2321.359, 2347.8589, 2445.3589, 2529.3588, 2594.8588, 2691.8588, 2694.3587, 2724.8587, 2752.3587, 2778.3587]"
_yre2uKcj7A,"[20.5, 186.5, 258.5, 349.5, 435.0, 535.0, 596.5, 669.0, 853.5, 994.0, 1049.5, 1113.0, 1240.5, 1320.0, 1483.0, 1508.5, 1570.5, 1570.5, 1688.0, 1711.0, 1742.5, 1844.4999, 2107.9998, 2191.9998, 2229.9998, 2297.9998, 2408.4998, 2489.4998, 2592.9998, 2680.4998, 2791.4998, 2832.9998, 2953.021]"
_zaS04p6Tq0,"[7.736, 44.236, 74.736, 567.736, 608.236, 624.236]"
-8QB3Rbeqoc,"[18.7466, 372.7466, 579.362, 640.435, 786.679, 817.456]"
-a5-EHnZ_XA,"[5.4222, 49.9222, 212.4222, 263.4222, 335.4222, 355.4222, 355.4221, 357.4221, 357.9221, 465.4221]"
-wbvkvqQxtQ,"[36.3726, 138.3726, 223.7808, 431.1779, 555.1779, 591.1779, 672.6779, 682.1779, 704.6779, 775.6779, 817.1779, 879.6779, 941.1779, 1058.1779, 1109.6779, 1127.6779, 1173.6779, 1255.1778]"
-wxW5fJtzfU,"[29.5426, 107.5426, 126.5425, 228.5425, 284.5424, 292.0423, 348.5423, 421.5423, 461.5423, 464.0422, 491.0422, 608.0422, 860.8003, 1079.8003, 1315.172, 1478.672, 1648.672, 1776.172, 1822.1719, 1883.1719, 1912.1719]"
02laEyvddUc,"[14.246, 42.746, 117.246, 164.7459, 250.2459, 361.2459, 411.7459, 479.7459, 504.2459, 521.7459, 555.7459, 595.2459, 680.2459]"
077X0x07S0c,"[11.0, 48.5, 181.5, 226.0, 261.5, 277.0, 359.5, 368.0, 468.0, 530.5, 552.0, 639.0, 705.5, 726.0, 869.5, 965.0, 1002.0, 1060.5, 1079.0, 1111.5, 1155.5, 1275.0, 1329.0, 1382.5, 1404.5, 1443.0, 1459.5, 1619.0, 1634.5, 1663.0, 1738.0, 1766.0, 1966.0]"
0FL4KBfLlJg,"[24.824, 182.1728, 230.1727, 438.3706, 488.3705, 495.3705, 512.8704, 705.8704, 788.8704, 996.8704, 1067.3704, 1120.3704, 1245.5693, 1363.5693, 1520.5693, 1525.0692, 1526.0692, 1569.0692, 1612.0692, 1919.5692, 2018.5692, 2028.5692, 2109.5692, 2219.5692, 2264.5692]"
0G6xEWOUs1E,[]
0gf3IJFTxEA,"[29.5, 55.1997, 167.1997, 306.6997, 440.1997, 613.6997, 1006.9559, 1099.9559, 1246.9559, 1377.9559, 1476.4559, 1537.9559, 1639.4559, 1760.4559, 1842.9559, 1937.9559, 2012.4559, 2093.9559, 2146.9559, 2289.9559, 2507.4559, 2705.4559, 2729.9558, 2780.4558]"
18SixEz5GDE,"[17.4132, 71.9132, 114.4132, 269.9132, 350.4132, 433.9132, 497.4132, 572.9132, 629.4132, 687.9131, 716.413, 766.913, 881.413, 1015.913, 1106.413, 1218.413, 1324.413, 1381.913, 1422.913, 1587.913, 1690.413, 1786.413, 1825.413, 1886.913, 1964.413, 2293.6396, 2365.6396]"
1gB90u2JOYg,"[19.1948, 290.0761, 361.9277, 607.3729, 684.8728, 721.3727, 749.3726, 837.3726, 961.8725, 1114.8384, 1136.8383, 1303.8977, 1336.3976, 1509.8772, 1602.3772, 1628.8771, 1652.377]"
1LmKuxUzGUw,"[7.6068, 7.6068, 49.6068, 76.1068, 82.1068, 177.1068, 465.1068, 605.6068, 772.6068]"
1zp3EWKJAsA,"[30.5044, 40.0044, 150.0044, 402.5044, 667.0044, 950.5043, 1066.0042, 1184.5042, 1235.0042, 1382.0042, 1483.0042, 1562.5042, 1628.5042, 1792.0042, 1845.0042, 1873.0042, 2032.0042, 2081.5042, 2170.5042, 2337.5042, 2431.0042, 2498.0042, 2566.0042, 2677.0041, 2774.0041, 2849.5041, 2902.5041, 3189.504, 3388.0039, 3537.5039, 3706.5039, 3900.5038, 3921.5038, 3948.5038]"
2_dZ5GBlRgU,"[6.5496, 105.5496, 110.5495, 355.0495, 358.5495, 371.5494, 416.5494, 419.0494, 426.5494, 460.0494, 476.5494, 491.5493, 500.0493, 514.5493, 515.0492, 517.0492, 517.5492, 542.5492, 691.0492, 708.5492, 762.0492, 850.5492, 1043.0492, 1078.5491, 1241.0491, 1517.5491, 1526.549, 1536.549, 1548.5489, 1687.5489, 1758.5489, 1794.0489, 1801.0489, 1838.5489, 1966.5489, 2095.0489, 2182.5489, 2335.0489, 2406.5489, 2452.5488, 2651.0488, 2660.0487, 2752.0487, 2880.5487, 2983.5486, 2992.5486, 3061.5485, 3082.0485, 3167.5485, 3289.0485, 3339.0484, 3342.0483, 3346.5482, 3376.0482, 3442.5482, 3506.0482, 3544.5482, 3575.5482, 3619.5482, 3660.5482, 3687.0481, 3705.0481, 3770.5481, 3975.5481, 4152.262]"
2NgUY8f1pa8,"[157.9194, 235.9621, 288.2513, 340.0937, 401.0739, 420.5352, 517.6844, 685.9397, 727.6906, 845.2603, 986.5051, 1043.9242, 1125.7084, 1180.8932, 1257.1552, 1297.9513, 1342.2342, 1372.6495, 1429.6378, 1458.7271, 1557.4101, 1641.2299, 1721.4173, 1784.7524, 1858.2935, 1954.0697, 1982.6862, 2019.5012, 2091.301, 2113.5108, 2169.2803, 2354.9628, 2506.4806, 2589.2987, 2649.162, 2807.3902, 2839.7554, 2914.0648, 2957.7394, 2997.0014, 3027.0809, 3043.366, 3064.8749, 3085.4261, 3131.8408, 3194.7549, 3267.278, 3359.8355, 3459.6556, 3467.6633, 3607.3088, 3685.2844, 3744.5125, 3837.7584, 3990.6669]"
2No3_SGYWhk,"[19.3056, 164.3056, 249.3056, 382.3056, 490.8056, 587.8056, 724.3055, 825.8055, 1004.3055, 1076.8055]"
2RkiPyrUxw8,"[21.7656, 206.4182, 236.9182, 390.9182, 470.9182, 529.9182, 574.9182, 618.9182, 660.9182, 661.4182, 661.9182, 662.4182, 662.9181]"
2Tv_gIw_EPw,"[29.9671, 73.4671, 186.4671, 356.9671, 419.9671, 519.967, 565.967, 588.9669, 649.9669, 681.9668, 694.4668, 752.4667, 886.4667, 957.9667, 998.9667, 1138.9667, 1210.4667, 1300.4667, 1394.9667, 1429.4666, 1475.4666, 1527.9665, 1555.9665, 1655.4665, 1777.9665, 1868.9665, 1941.4665, 2027.9665, 2129.9665, 2231.4665, 2298.4664, 2328.9664, 2340.4664, 2359.4664, 2538.4664, 2559.9664, 2604.4664, 2650.9664, 2688.4664, 2755.4664, 2888.9663, 2964.9663, 3075.9663, 3151.4663, 3269.9663, 3345.4663, 3393.9663, 3471.4663, 3503.4662, 3577.4662, 3582.4662, 3594.4662]"
2U3DsK7BHVU,"[15.8825, 100.0787, 132.0787, 158.0787, 187.0787, 209.0787, 252.0787, 330.5787, 349.5787, 376.5787, 407.5787, 419.0787, 456.5787, 492.5786, 568.0786, 586.0786, 632.0785, 678.0785, 808.8457, 833.8457, 844.3457, 872.8457, 953.8457, 964.3456, 971.8456, 993.8456, 1078.6662, 1116.1662, 1131.1662, 1168.6661, 1183.6661, 1307.166, 1355.166, 1417.166, 1444.166, 1482.166, 1519.1659, 1544.1659]"
2xr4P0WGKSA,"[4.267, 151.267, 154.2669, 212.2669, 283.2669, 332.2669, 377.7669, 383.2669, 546.2669, 772.2669, 982.2669, 1028.7668, 1054.7668, 1087.2668, 1126.2667, 1198.2667, 1264.7667, 1345.2667, 1531.7667, 1556.7667, 1698.7667, 1716.7667, 1779.7666, 1847.2666, 1978.2666, 2066.7666, 2190.7665, 2226.2665, 2307.2665, 2624.7665, 2675.7665, 2710.2665, 2732.2665, 2740.7665, 2906.2665, 3016.7664, 3088.7664, 3112.7664, 3237.2664, 3293.2664, 3422.7663, 3631.2663, 3706.2663, 3784.2663, 3888.7663, 4038.7663, 4042.2663, 4065.2663, 4183.7663, 4274.7663, 4329.2663, 4331.2663]"
37z_tJD81y8,"[3.6618, 53.6401, 68.9563, 152.3218, 230.9824, 299.2734, 402.3299, 525.1075, 702.8446, 722.9633, 827.9592, 831.4601, 846.2552, 902.5113, 906.9226, 936.1484, 1200.9606, 1260.1817, 1272.851, 1395.6208, 1418.7918, 1431.0497, 1509.0098, 1518.5611, 1577.7592, 1615.9526, 1720.764, 1903.1071, 1998.362, 2123.2258, 2226.8226, 2265.4968, 2269.4254, 2330.6592, 2496.0804, 2496.8741, 2586.2616, 2630.2616, 2661.6581, 2696.2561, 2706.027, 2778.4035, 2796.7091, 2915.8156, 3014.4665, 3067.6441, 3081.4459, 3087.9893, 3089.021, 3154.995, 3195.5407, 3213.9953, 3225.1556, 3249.2315, 3334.1935, 3357.195, 3428.271, 3470.4439, 3645.6827, 3841.4438, 3847.6754, 3858.7214, 3901.5736, 3908.9836, 3913.9835, 3914.9835, 3916.9835, 3922.4835, 3971.7774]"
3f6ZbPqpbtE,"[12.5195, 45.0195, 240.0195, 308.5195, 363.0194, 451.0194, 648.0194, 717.0194, 729.0194, 738.5194, 791.5194, 832.5194]"
3Ht5yP6zXoY,"[8.3906, 28.3906, 55.3906, 63.3906, 129.8906, 183.3906, 239.3906, 314.3906, 512.8906, 658.8905, 880.8905, 939.3905, 980.8905, 1085.3905, 1112.3904, 1179.3904, 1352.8904, 1445.8904, 1499.8904, 1594.3904, 1698.3904, 1806.3903, 1826.3902, 1929.8902, 1935.3902, 2022.3902, 2134.8902, 2153.8902, 2308.589]"
3p1-xzfdJCA,"[34.6345, 172.8143, 372.4801, 408.8358, 540.6162, 670.6417, 767.6717, 799.66, 915.429, 960.9334, 997.1781, 1031.8956, 1041.3937, 1151.5828, 1235.6291, 1289.6898, 1373.6502, 1409.447, 1472.6337, 1481.6163, 1511.7311, 1623.2534, 1794.8679, 1920.4819, 2011.5358, 2068.3363, 2117.4052, 2155.3621, 2168.7298, 2200.957, 2227.2025, 2252.3476, 2279.3145, 2280.8145, 2285.6258, 2294.4625, 2294.9625, 2295.4625, 2295.9625, 2297.4625, 2444.3303, 2461.0738, 2509.4128, 2510.9128, 2547.8833, 2691.2533, 2704.7857, 2734.9463, 2763.0267, 2811.501, 2942.4321, 3047.5591, 3100.1727, 3145.2881, 3292.0634, 3426.3799, 3604.2797, 3690.4769, 3737.8248, 3812.5615, 3935.5059, 4015.6052, 4114.5698, 4163.9039, 4195.8893]"
3PqIQx1l6Bk,"[25.7794, 86.8494, 205.3659, 257.1873, 360.1823, 435.4765, 505.0626]"
3PuuHkdJoVo,"[16.9142, 60.4142, 84.9142, 115.9142, 251.9142, 434.4142, 451.4142]"
3ZA33n7BrRg,"[25.3924, 60.9999, 189.9999, 207.9999, 270.4999, 409.4999, 437.9999, 455.9999, 505.4999, 524.4999, 637.9999, 703.4999, 743.4999, 743.4998, 783.9998, 874.4998, 904.9997, 1016.9996, 1151.4996, 1311.4996, 1412.9996, 1447.4996, 1575.4996, 1654.9996, 1754.9996, 1804.4996, 1824.4996, 1909.9996, 2034.9995, 2161.4995, 2241.4995, 2346.4995, 2457.9995, 2499.9995, 2616.4994, 2699.4994, 2770.9994, 2859.4994, 2930.9994, 3119.9994, 3298.9993, 3360.4993, 3411.9993, 3428.4993, 3455.9993, 3534.9993, 3580.4993, 3691.9993, 3715.4993, 3778.4993, 3882.4993, 3950.9993, 3981.4993, 3996.4993, 4018.9993, 4099.9992, 4160.4992, 4204.9992, 4247.9991, 4279.9991, 4344.9991, 4367.9991, 4403.4991, 4430.9991, 4479.499, 4507.9989, 4536.4989, 4564.4989, 4604.4989, 4618.9989, 4644.9989, 4656.4989, 4740.9989]"
3zcuZ6U7vQA,"[63.9349, 112.2957, 169.2957, 221.7957, 267.2957, 294.7956, 329.2956, 384.2956, 404.2955, 406.7955, 416.7955, 473.7955, 583.7955, 625.7955, 649.2955, 675.2955, 676.7954, 779.2954, 813.7954, 889.2954, 953.2954, 959.7953, 965.7953, 985.2953, 1025.7953, 1042.7953, 1072.2953, 1131.2953]"
48P6ivl0tW4,"[258.5738, 410.0274, 433.0274, 495.5274, 556.5274, 708.0274, 890.0274, 1050.0274, 1247.5274, 1301.0274, 1394.0274, 1434.5274, 1522.5274, 1655.5274, 1692.5274, 1783.5274, 1873.5274, 1924.5274, 1968.5274, 2089.5274, 2306.0274, 2380.0274, 2424.5274, 2474.0274, 2530.5274, 2610.0274, 2687.5274, 2844.0274, 2881.0274, 2959.0274, 3041.5274, 3096.5274, 3254.5274, 3390.0274, 3420.0274, 3581.0274, 3641.5274, 3725.0274, 3960.0274, 4003.5274, 4151.0274, 4216.5274, 4273.5274, 4330.0274, 4434.5274, 4483.0274, 4510.0274, 4555.0274, 4582.0274, 4605.0274, 4647.5274, 4787.0274, 4872.0274, 4903.5274, 4918.5274, 4974.5274, 5102.0274, 5124.0274, 5173.5274, 5229.0274, 5273.0274, 5319.0274, 5476.5274, 5528.0274, 5660.0274]"
48z-q_9C09U,"[28.5358, 73.5357, 97.5357, 169.0357, 304.5357, 390.5357, 447.5357, 513.0357, 581.5357, 610.0356, 621.0356, 628.0356, 676.5356, 692.0355, 727.5354, 813.0354, 821.5353, 917.0353, 963.5353, 981.0352, 1107.5352, 1241.0352, 1277.0351, 1307.535, 1326.5349, 1361.5349, 1429.0349, 1472.0349, 1500.0349, 1566.5349, 1613.5349, 1638.0349, 1689.5348, 1802.0348, 1825.0348]"
4dIGQ3L2YG4,"[8.7694, 28.7694, 95.2694, 117.2694, 214.2694, 254.7694, 291.2694]"
4n2H2eQOmc8,"[49.5, 140.5, 176.5, 326.0, 481.5, 494.0, 675.5, 697.5, 714.5, 914.0, 968.5, 1010.0, 1086.5, 1432.5, 1811.5, 1895.0, 2102.5, 2104.0, 2115.0, 2255.5, 2368.5, 2614.0, 2726.5, 2798.0]"
4P4qBBxpthg,"[4.5, 61.5, 204.0, 275.5, 352.5, 364.5, 422.0, 589.5, 661.0, 691.5, 819.0, 834.5, 843.5, 887.0, 992.0, 1049.0, 1108.0, 1171.0, 1187.0, 1200.5, 1230.5, 1330.0, 1362.5, 1439.5, 1568.5, 1646.5, 1786.5, 1807.0, 1884.5, 1971.5, 2058.0, 2218.0, 2327.5, 2433.0, 2446.5, 2489.5, 2527.9999, 2557.9999, 2608.4999, 2660.9999, 2736.9999, 2821.4999, 2909.9999, 3164.9999, 3208.9999, 3223.4999, 3270.9999, 3530.9999, 3620.4998, 3651.4998, 3667.9998, 3711.4998, 3729.4998, 3767.9998, 3800.4998, 3860.4998, 3972.9998, 3994.9998, 3995.9998]"
55mhfZSENKc,"[19.0, 67.5, 120.0, 175.0, 204.0, 242.5, 265.5, 281.5, 332.0, 345.5, 442.0, 461.0, 474.5, 598.0, 614.0, 658.4999, 672.9999, 751.9999, 822.9999, 876.4999, 919.4999, 1122.4999, 1152.9999, 1195.4999, 1229.9999, 1248.4999, 1297.4999, 1345.9999, 1379.9999, 1420.4998, 1482.4998, 1535.4998, 1703.4998, 1817.9998, 1853.4998, 1906.9998, 1941.4998, 1981.4998, 2014.9997, 2031.4997, 2165.9997, 2203.4997, 2244.4997, 2261.4997, 2344.9996, 2536.9996, 2548.4996, 2555.4996, 2641.9996, 2661.9996, 2706.9996, 2715.9996, 2822.4995, 2854.9995, 2880.9995, 2944.4995, 2968.4994, 3047.9994, 3093.9994, 3144.4994, 3201.9994, 3262.4994, 3286.9993, 3318.4993, 3398.4993, 3457.4993, 3492.4993, 3540.4993, 3948.2666, 4004.2665, 4079.7665, 4128.7665, 4231.2665, 4261.2665, 4527.7665, 4587.7664, 4621.2664, 4700.7664, 4731.7664, 4804.081]"
5PF3Ju25LNc,"[31.3851, 148.3851, 277.385, 290.885, 322.385, 409.885, 459.885, 702.885, 836.8807, 869.3807, 1143.3807, 1256.3807, 1309.8807, 1453.3807]"
6U2ZTAWnVvo,"[51.0, 150.5, 196.5, 323.0, 551.5, 591.0, 657.5, 851.9999, 930.9999, 974.9999, 1018.4999, 1068.9999, 1181.9999, 1487.9998, 1530.9998, 1548.4998, 1560.9998, 1571.4998, 1575.4998, 1769.9998, 1911.9997, 2069.4997, 2204.9997, 2257.096]"
7EsHL8Sacg0,"[57.8124, 146.3124, 222.8124, 456.2916, 549.2916, 646.2916, 721.2916, 757.7916, 778.7916, 880.7916]"
87wJmt7pHt8,"[6.504, 33.8513, 51.6298, 112.9636, 118.3063, 120.3063, 204.2472, 272.6544, 311.881, 378.4354, 474.9919, 485.7333, 548.0363, 563.7964, 573.587, 629.3989, 681.1733, 950.3778, 1122.9872, 1147.9087, 1258.976, 1292.7613, 1377.0556, 1434.6191, 1508.8486, 1795.1912, 1804.0873, 1883.2535, 1931.5968, 2003.2499, 2099.5632, 2172.1535, 2254.5417, 2303.7523, 2328.5448, 2362.6217, 2441.2289, 2486.1353, 2627.7945, 2698.6443, 2746.9007, 2782.1506, 2794.9024, 2814.0484, 2849.3777, 2866.675, 2893.1771, 2931.4824, 2998.9475, 3023.9474]"
8jpO19qalIo,"[15.4483, 52.9483, 179.4483, 322.9483, 443.4483, 534.9483, 639.9483, 808.9483, 960.4483, 1186.4482, 1325.9482, 1452.4482, 1577.9482, 1775.4482, 1836.9482, 2109.9482, 2363.0058]"
8OrCdgHcMVM,"[15.1468, 57.6468, 291.6306, 759.7751, 853.275, 1008.275, 1076.275, 1259.118, 1423.618, 1805.3792, 1844.3792, 1893.8792, 1955.3792]"
8WPrZe83-zw,"[65.6649, 139.3396, 231.5869, 310.2629, 355.5256, 404.9895, 493.617, 564.6886, 675.0089, 749.687, 990.2478, 1051.4747, 1093.7073, 1132.2031, 1196.7473, 1245.0472, 1322.7266, 1389.8825, 1419.1169, 1540.8021, 1571.4431, 1615.9949, 1679.7161, 1747.7496, 1848.5141, 1928.4619, 2023.9915, 2057.0439, 2173.6106, 2347.2189, 2434.2642, 2485.9238, 2583.039, 2694.3381, 2755.4115, 2915.5369, 2995.0731, 3141.8987, 3353.3935]"
9GmySN5P408,"[6.3833, 7.3833, 9.0934, 10.5934, 19.0934, 52.954, 262.7644, 474.5085, 478.0131, 498.1527, 499.2739, 582.782, 585.8773, 607.8373, 615.8372, 617.3372, 619.3372, 702.8372, 729.8372, 741.8372, 746.3372, 752.8372, 768.3372, 782.3372, 884.656]"
A9STermiR6E,"[91.2176, 224.0231, 269.1518, 308.9926, 383.0514, 420.575, 476.5933, 562.5379, 664.4676, 717.8592, 787.4225, 827.5973, 837.3383, 862.9999, 903.5295, 982.7446, 1067.0145, 1160.0659, 1229.6159, 1282.8062, 1365.1932, 1435.6172, 1486.192, 1608.3858, 1657.6409, 1724.2152, 1782.2286, 1851.7285, 1891.9562, 1934.4534, 1986.4108, 2035.784, 2093.4228, 2117.1572, 2177.4851, 2301.985, 2399.6915, 2516.1534, 2579.4119, 2747.4589, 2919.7632]"
AAlwPSh_yzM,"[30.5, 72.0, 161.5, 170.5, 176.0, 221.0, 222.5, 285.0, 324.0, 347.5, 363.0, 389.0, 416.5, 432.5, 455.5, 514.5, 555.0, 563.5, 593.5, 754.0, 782.0, 794.0, 812.5, 847.0, 868.5, 894.0, 903.5, 960.5, 961.0, 965.0, 977.0, 1028.5, 1043.0, 1075.0, 1090.5, 1224.0, 1379.0, 1416.0, 1418.0, 1421.0, 1425.5, 1426.0, 1526.0]"
Ae4-HGCl2ro,"[33.7465, 133.2465, 168.2465, 276.0411, 361.0411, 478.5411, 546.0411, 631.0411, 721.5411, 789.5411, 877.0411, 947.5411, 1009.0411, 1076.0411, 1122.541]"
AjX4WcsGpTw,"[3.5, 19.5, 550.4758, 551.4758, 750.845, 759.845, 807.345, 807.845, 814.345, 817.845, 819.345, 838.845, 915.345, 946.8449]"
aLK_nkgx8wo,"[13.9937, 68.9937, 129.9937, 162.9937, 210.9937, 284.9937, 382.9937, 456.9937, 516.9937, 574.4937, 770.4937, 842.9937, 930.9937, 1053.9937, 1148.4937, 1243.9937, 1299.9937, 1436.4937, 1618.9937, 1700.9937, 1744.4937, 1810.4937, 1901.9937, 1989.9937, 2043.4937, 2076.9937, 2155.4937, 2257.9937, 2359.9937, 2439.4937, 2449.589]"
ALRJCeVT0fQ,"[245.761, 287.261, 585.261, 739.261, 774.261, 832.261, 846.761, 848.761]"
AMV0fQn2QWM,"[4.9456, 42.9456, 158.4456, 238.4456, 239.4456, 274.4455, 313.9455, 378.4454, 525.9454, 611.9454]"
AMwWMcncTmQ,"[7.6252, 29.0, 132.5, 172.3719, 218.5209, 225.674, 264.0258, 320.0771, 472.8831, 553.0303, 805.4177, 942.8705, 1044.7823, 1170.2444, 1244.2069, 1334.8327, 1457.358, 1518.7355, 1611.1874, 1669.2391, 1766.7201, 1823.9366, 1937.8177, 1985.5352, 2019.8046, 2090.8082, 2121.9554, 2140.6013, 2182.7758, 2285.1454, 2302.2422, 2385.2449, 2423.2449, 2445.7459, 2500.2218, 2597.9242, 2699.9624, 2746.0563, 2785.6065, 2843.3965, 2883.9431, 2912.7054, 2970.6917, 3022.2194, 3050.0735, 3066.5787, 3105.4663, 3201.6736, 3237.1941, 3317.9824, 3425.3771, 3495.1114, 3595.5869, 3637.382, 3720.872]"
ao8hPGhVuNU,"[5.9763, 94.9762, 156.9762, 227.4762, 434.7685, 563.6741, 788.5746, 945.459, 1046.9589, 1163.8588, 1207.8588, 1262.8588]"
aolwNMIJBQU,"[112.5, 173.5, 211.0, 254.0, 313.0, 357.0, 414.0, 444.0, 471.0, 536.0, 565.0, 616.5, 677.5, 715.5, 748.5, 800.5, 822.0, 860.5, 899.5, 956.0, 1040.0, 1070.0, 1121.0, 1184.5, 1228.5, 1291.0, 1343.0, 1368.5, 1449.0, 1520.0, 1575.5, 1610.5, 1678.0, 1708.5, 1728.5, 1770.5, 1782.0, 1819.5, 1848.0, 1937.0, 1965.0, 2020.0, 2089.5, 2198.0, 2247.5, 2401.5, 2498.5, 2569.5, 2722.5, 2774.0, 2784.5, 2848.5, 2898.5, 2930.0, 3043.5, 3104.0, 3195.0, 3245.0, 3308.0, 3452.5, 3491.0, 3625.0, 3775.5]"
AS8KJMeiNpM,"[0.0, 12.5, 20.5, 145.5, 208.0, 235.0, 240.4999, 294.9998, 356.4998, 369.9998, 410.9998, 548.34, 575.3399, 588.3399, 677.8399, 752.3399, 762.3399, 831.3399, 857.8399, 868.3399, 900.8399, 947.8399, 1009.8399, 1022.3399, 1093.3399, 1136.3399, 1172.3399, 1191.3399, 1203.8399, 1278.3399, 1372.3399, 1472.3399, 1536.8399, 1683.3399, 1744.3399, 1876.3399, 2094.8399, 2158.8399, 2322.8399, 2366.3399, 2459.3399, 2538.3399, 2598.3399, 2611.8399, 2642.3399, 2677.3399, 2750.8399, 2807.3399, 2977.8399, 3082.8399, 3103.3399, 3118.3399, 3138.8399, 3191.3399, 3300.8399, 3303.8399, 3364.8399, 3431.8399, 3573.3399, 3623.3399, 3697.8399, 3737.8399, 3787.8399, 4031.3399, 4102.3399, 4264.3399, 4294.8399, 4413.8399, 4548.3399, 4620.8399, 4696.8399, 4702.3399, 4762.8399, 4855.8399, 4891.3398, 4915.8398, 4934.3398, 5002.3398, 5024.8398]"
aXxRSrIcGjU,"[15.4627, 100.9627, 162.4627, 207.9627, 282.4627, 448.9627, 574.4627, 709.4627, 837.4627, 1166.4626, 1195.7809]"
aZDNeibQBzY,"[30.6164, 146.6164, 283.1164, 405.1164, 743.6164, 1002.1164, 1244.6164, 1504.1164, 1745.1164, 1997.6164, 2032.1163, 2168.6163, 2276.1163, 2435.6163, 2513.1163, 2640.6163, 2759.6163, 2901.1163, 2973.6163, 3106.1163, 3126.66]"
b118qvD927M,[538.866]
BAHu4lPXn64,"[8.162, 51.162, 183.4562, 230.4562, 360.4562, 424.9562, 552.4562, 650.2929, 717.2929, 768.2929, 916.7929, 968.7929, 1106.7929, 1172.2929, 1253.7929, 1384.2929, 1534.7929]"
betY_3dGG_M,"[5.5, 46.5, 72.0, 94.0, 210.4192, 281.9192, 310.9192, 317.4191, 333.9191, 385.4191, 443.9191, 549.9191, 639.4191, 682.4191, 798.419]"
bfOusdt4LJ0,"[29.7768, 43.7768, 162.2768, 309.7768, 437.2768, 526.2768, 672.2768, 790.7768, 882.7768, 1147.2768, 1244.2767, 1388.2767, 1694.7767, 1767.7767, 1906.7767, 2093.7767, 2191.7767, 2266.2767, 2316.2767, 2434.2767, 2509.7767, 2574.7767, 2730.2767, 2794.7767, 2851.2767, 2899.2767, 2977.2767, 3028.7767, 3080.2766, 3110.2765, 3282.2765, 3404.2765, 3507.2765, 3594.2765, 3660.7765, 3728.2765, 3816.7765, 3821.2765, 3874.2765]"
BgkDDtOztEQ,"[65.8401, 198.1686, 365.6686, 603.4217, 603.9217, 607.9216, 608.4216, 609.9216, 716.4099, 863.4099, 1080.9099, 1175.9099, 1247.9098, 1310.4098, 1355.4098, 1402.9097, 1472.4097, 1525.9097]"
BipWlH7JzcE,"[7.5, 49.5, 114.5, 131.5, 232.0, 274.5, 317.0, 385.0, 400.0, 437.5, 491.5, 555.0, 598.5, 628.0, 755.5, 801.5, 885.5, 942.0, 964.0, 996.0, 1022.5, 1121.5, 1186.0, 1250.0, 1281.0, 1308.0, 1418.0, 1457.0, 1556.0, 1615.5, 1662.0, 1762.0, 1788.0, 1873.5, 1909.0, 1949.5, 1983.5, 2005.0, 2037.0, 2074.5, 2110.0, 2147.0, 2162.0, 2192.0, 2238.5, 2314.5, 2527.5, 2568.0, 2624.5, 2716.5, 2741.0, 2781.0, 2813.0, 2842.0, 2874.5, 2937.5, 3004.5, 3064.0]"
BODFN9kzQA8,"[35.9448, 99.4448, 158.4448, 241.9448]"
BsXUWddl-as,"[46.3278, 73.3278, 97.3278, 122.3278, 141.8278, 179.8278, 220.3278, 247.3278, 271.8278, 296.8278, 362.8278, 406.3278, 451.3278, 484.8278, 526.3278, 552.8278, 589.8278, 611.8278, 658.3278, 702.8278, 745.3278, 792.3278, 825.8278, 866.3278, 950.3278, 982.3278, 995.3278, 1014.3277, 1074.8277, 1106.3277, 1122.8277, 1168.3277, 1216.3276, 1247.8276, 1305.3276, 1351.3276, 1403.3276, 1433.3276, 1466.3276, 1513.3276, 1548.8276, 1611.3276, 1654.8276, 1676.3276, 1719.8276, 1755.8276, 1791.8276, 1853.8276, 1891.3276, 1958.8276, 2030.3276, 2063.8276]"
BxHmsb1Gnyg,"[14.0667, 136.0667, 263.5667, 488.8692, 573.8692, 754.3692, 833.8692, 1013.3692, 1097.3692, 1299.3692, 1450.3692]"
BxV06Zn0Kck,[]
C1vsuNYMY9Q,"[11.5, 44.9999, 77.4999, 122.4999, 201.34, 221.34, 245.8399, 272.3399, 331.3399, 369.8399, 412.3399, 450.8399, 510.8399, 580.3399, 600.8399, 628.8398, 726.3398, 741.3398, 755.3397, 815.3397, 836.8397, 893.8397, 961.3397, 976.8397, 1005.8397, 1043.8397, 1055.3397, 1116.3397, 1138.3397, 1183.3397, 1207.8397, 1258.3397, 1316.8397, 1347.8397, 1376.3397, 1410.8397, 1456.8397, 1510.3397, 1571.8397, 1597.3396, 1655.8396, 1680.8396, 1708.3395, 1761.8395, 1777.8394, 1785.8394, 1803.3394, 1848.8394, 1875.8394, 1918.3394, 1934.8394, 1968.8394]"
C2ure3tZuZ4,"[24.0, 145.0, 183.9999, 273.9998, 399.9998, 516.9998, 652.4998, 736.9998, 785.4998, 920.9998, 994.4998, 1016.4997]"
C7cDbkQ4KQs,"[27.5, 178.5, 309.5, 458.5, 669.5, 670.5, 738.0, 878.0, 928.5, 965.5, 1025.5, 1083.0, 1184.0, 1229.5, 1311.0, 1355.0, 1571.5, 1740.5, 1845.5, 1916.0, 2015.0, 2058.5, 2089.5, 2188.5, 2252.5, 2315.0, 2316.0, 2387.5, 2433.5, 2486.5, 2555.5, 2598.5, 2661.0, 2689.5, 2730.0, 2756.5, 2840.0, 2961.5, 3027.0, 3042.5, 3084.0, 3185.0, 3258.5, 3349.0, 3436.5, 3477.0, 3571.0, 3617.5]"
Ca0GC0Ph43k,"[14.0, 53.5, 171.5, 186.5, 266.5, 269.5, 328.0, 335.5, 469.5, 478.0, 550.0, 554.0, 655.5, 675.5, 823.5, 827.0, 901.0, 904.5, 963.5, 973.0, 1044.5, 1048.0, 1128.5, 1140.5, 1203.5, 1206.5, 1322.5, 1324.5, 1504.0, 1506.0, 1675.5, 1717.5]"
cdA7CnLGPxc,"[20.5, 110.9746, 123.4745, 138.4745, 184.9745, 204.4745, 206.4744, 346.4744, 467.9744, 530.9744, 583.9743, 714.9743, 974.4743]"
CmION0EvzLc,"[9.9992, 41.4992, 88.9992, 199.9992, 273.4991, 371.9991, 411.4991, 448.9991, 511.4991, 544.4991]"
CP_StVLO_T0,"[11.4454, 29.3824, 68.9799, 214.5202, 248.2099, 349.7746, 425.1759, 518.8848, 703.4986, 883.3672, 1103.8902, 1187.3902, 1250.2917, 1406.4963, 1553.769, 1708.5255, 1886.2865, 2068.733, 2091.733, 2209.733, 2270.9075, 2378.3075, 2420.8075, 2627.7749, 2721.7612, 2897.0053, 3015.128, 3136.0227, 3208.0227, 3238.2402, 3577.2018, 3689.3058, 3882.7744, 3952.2744, 4016.2744]"
cqcTD1HBOfY,"[116.0, 207.5, 299.0, 368.5, 429.0, 536.5, 605.5, 666.5, 753.5, 861.0, 921.5, 1006.5, 1131.5, 1263.5, 1324.5, 1411.0, 1476.0, 1517.0, 1570.5, 1582.5, 1603.0, 1629.5, 1688.5, 1732.0, 1781.0, 1825.0, 1878.4999, 1954.4999, 1998.4999, 2031.4999, 2116.9999, 2164.9999, 2201.4999, 2228.9999, 2307.4999, 2350.9999, 2406.9999, 2416.9999, 2442.9999, 2484.4999, 2575.4999, 2720.9999, 2773.4999, 2845.4999, 2870.9999, 2909.9999, 2970.9999, 3029.9999, 3079.9999, 3100.4999, 3150.4999, 3258.4999, 3289.4999, 3386.9999, 3457.4999, 3523.4999, 3655.9999, 3690.9999, 3775.9999, 3838.4999, 3918.9999, 4276.4999]"
cqoOAz8i6nI,"[10.97, 63.97, 68.97, 120.97, 136.47, 152.47, 194.97, 215.47, 265.47, 285.47, 310.97, 322.47, 358.47, 386.97, 407.47, 420.47, 456.97, 495.47, 505.47, 514.9699, 522.4699, 580.4699, 589.9699]"
crA3cOwKXmc,"[13.8241, 89.3241, 181.8241, 306.824, 372.824, 446.324, 475.324, 627.824, 692.324, 795.3239, 871.3239, 1005.3239, 1023.8239, 1131.8239, 1167.3239, 1389.3239, 1522.8239, 1666.8239, 1765.8239, 1818.8239, 1958.9154, 2119.9154, 2245.9154, 2290.417]"
Crfag75ztP4,"[9.7224, 29.2224, 111.0152, 189.5152, 220.5152, 358.0151, 435.0151, 629.0151, 715.0151, 750.015, 804.015, 812.515, 833.515, 910.515, 990.515, 1035.515, 1274.8374, 1327.3374, 1392.8374, 1528.7879, 1602.2879, 1620.2878]"
CtlZmyfVr1c,"[7.5, 326.0, 375.0, 438.0, 488.9999, 582.9999]"
ctvAcgDGm7Y,"[16.6302, 36.6302, 71.6302, 154.1302, 360.1302, 427.6301, 430.6301, 431.1301, 456.6301, 523.6301, 598.1301, 639.1301, 650.6301, 671.1301, 681.1301, 736.1301, 765.1301]"
cwqr460lHLw,"[13.4354, 74.4354, 150.9354, 183.9353, 258.4353, 391.9353, 509.9353, 618.4353]"
D1CN2KIGpdo,"[30.4188, 214.7655, 268.48, 476.7286, 613.9275, 670.6343, 729.7734, 801.1067, 1023.1901, 1169.8643, 1233.0488, 1306.1906, 1558.5842, 1774.1609, 1893.8361, 1940.7146, 2045.52, 2118.8874, 2231.1627, 2265.6627, 2340.7576, 2413.3667, 2478.91, 2494.0403, 2557.0403, 2674.0403, 2714.5403, 2864.0403, 2879.0403, 2938.5403, 3018.5403, 3112.5403, 3172.0403, 3246.0403, 3265.5403, 3357.5403, 3454.5403, 3486.5403, 3593.5403, 3655.5403, 3693.0403, 3695.0403, 3724.0403, 3802.2161, 3869.5698, 3879.8301, 3898.9222]"
d1nuGjGBypY,"[16.5454, 255.5454, 256.5454, 287.0454, 300.5454, 303.0453, 319.0453, 351.5453, 352.0453, 357.5452, 358.0452]"
D3uYW0jEsGs,"[10.2764, 87.7764, 177.7764, 265.7764, 281.2764, 287.7764, 307.7764, 483.2763, 605.2763, 662.7763, 700.2763, 790.2763, 809.2763, 820.2763]"
DBnCAfsJwVA,[]
dC93OcrNX6c,"[110.3333, 206.1666, 266.1666, 397.1666, 415.1665, 476.8333, 574.6666, 651.1666, 693.8333, 772.5, 831.1666, 933.8333, 1019.1666, 1082.7095, 1193.4999, 1305.3333, 1357.6666, 1584.3535, 1651.5]"
dDPcUO41nkE,"[162.5, 332.5, 461.0, 562.0, 590.5, 614.0, 631.5, 650.0, 748.5, 829.5, 915.0, 1039.0, 1110.0, 1111.5, 1162.5, 1202.5, 1270.5, 1375.5, 1516.0, 1601.5, 1712.0, 1915.0, 2011.0, 2085.0, 2127.0, 2208.5, 2345.5, 2471.0]"
djcV5ja7wv4,"[84.3845, 161.5501, 233.9601, 338.8399, 432.3407, 465.3974, 503.0015, 636.4956, 708.2623, 796.0186, 849.6964, 940.687, 1072.4568, 1204.4976, 1440.9967, 1485.6517, 1564.3711, 1678.7472, 1721.7262, 1804.8137, 1843.8087, 2008.3619, 2041.1126, 2109.4867, 2155.0047, 2249.6559, 2328.7831, 2375.173, 2470.1172, 2531.7202, 2621.0656, 2698.7983, 2810.0379]"
DjxoB2XuDXE,"[29.4077, 48.3688, 162.8688, 316.1577, 339.1577, 528.5486, 535.0485, 535.5485, 542.0485, 542.5484, 565.0484, 571.0484, 571.5483, 711.0483, 996.5483, 1120.5483, 1227.5483, 1317.5483, 1421.0483, 1526.0483, 1735.5698, 1897.0698, 2109.5698, 2197.4907, 2271.9907, 2307.9907, 2380.4907, 2432.4907]"
DM4MWxnXOzM,"[166.6247, 202.06, 391.5, 443.32, 693.2, 844.1799, 1092.06, 1185.72, 1302.3599, 1481.68, 1554.8599, 1653.64, 1701.84, 1770.28, 1844.7, 1970.58, 2035.64, 2107.7, 2134.92, 2214.34, 2267.04, 2295.76, 2325.98, 2390.42]"
DpXyYh_wofg,"[102.5, 251.0, 299.5, 344.5, 534.0, 611.5, 661.5, 684.0, 774.0, 843.0, 893.0, 959.0, 1020.0, 1102.0, 1157.5, 1209.0, 1337.5, 1379.0, 1453.0, 1465.0, 1529.5, 1588.0, 1660.0, 1708.9999, 1811.4999, 1877.4999, 1929.9999, 1948.9999, 2007.4999, 2058.4998, 2115.9998, 2161.9998, 2188.4998, 2262.9998, 2308.4998, 2357.9998, 2412.4998, 2450.4998, 2537.9998, 2596.9998, 2674.4998, 2696.4998, 2766.4998, 2843.9998, 2880.4998, 2920.4998, 2965.9998, 3044.4998, 3074.9998, 3139.4998, 3228.9998, 3413.4998]"
DqzfJTCAc4g,"[38.4183, 85.9183, 188.2921, 272.2921, 328.292, 400.292, 462.7919, 624.7919, 773.6276, 830.1276, 940.1275, 1026.6275, 1075.6275, 1101.1275, 1116.6274, 1130.1273, 1142.1272, 1148.6271, 1166.627, 1205.627]"
DYUnnxaogoI,"[27.1845, 76.6845, 107.6844, 160.6844, 223.1844, 322.1844, 448.6844, 562.1844, 619.6843, 685.1843, 758.6843, 803.1842, 835.6842, 883.6842, 955.6842, 1019.6842, 1050.1842, 1143.1842]"
DZSEErNZ1d4,"[159.5999, 172.8199, 186.3199, 198.8199, 253.8199, 373.76, 385.76, 404.2599, 490.7598, 490.7597, 538.7596, 607.2596, 648.2595, 683.7595, 733.92, 800.9199, 810.4199, 846.4199, 864.9199, 954.9894, 976.4894, 976.4894, 976.4893, 1017.4893, 1085.9893, 1117.9893, 1193.4893, 1223.9893, 1339.4893, 1373.9893, 1476.9893, 1524.4893, 1550.4893, 1583.4893, 1601.4893, 1656.9892, 1677.9892, 1690.4892, 1719.4892, 1817.4892, 1817.4892, 1860.4892, 1931.9892, 1963.9892, 1999.9892, 2062.4891, 2123.9891, 2185.4891, 2234.989, 2278.989, 2299.989, 2327.489, 2387.489, 2409.989, 2461.989, 2585.989, 2607.989, 2669.989, 2761.489, 2871.989, 2871.9889, 2931.9889, 3021.9889, 3104.9889, 3240.4889, 3272.9889, 3299.9889, 3373.4889, 3388.4889, 3470.9888, 3494.4888, 3509.4888, 3570.9888, 3575.4888, 3638.9888, 3690.9888, 3778.9888, 3798.4888, 3934.9888]"
E_3gxQWaCoQ,"[9.0671, 50.0671, 172.1459, 175.6459, 227.6459, 322.1459, 390.6459, 486.1458, 548.1458, 598.1458, 609.1457, 611.6457, 648.1457, 715.6457, 798.6456, 1026.6456, 1157.1456, 1162.6456, 1354.1455, 1488.6455, 1600.6455, 1658.6455, 1740.6454, 1844.6454, 1846.1454, 1846.1454, 1905.6453, 1926.1453, 1937.1453, 1958.6453, 1977.6453, 1999.1453, 2014.6453, 2034.6453, 2056.6452, 2088.6452, 2104.1452, 2138.6452, 2205.6451, 2261.6451, 2318.645, 2332.6449, 2400.6449, 2437.6448, 2488.1448, 2516.1448, 2535.1448, 2548.6448, 2684.1448, 2723.6448, 2728.1447, 2731.1447, 2890.1447, 2892.1446, 2921.958]"
e4M0xyYtL-s,"[21.0, 62.0, 146.0, 183.0, 247.0, 257.5, 300.0, 327.0, 365.5, 392.5, 838.5, 863.0, 902.5, 1086.5, 1136.5, 1259.5, 1287.0, 1315.0, 1359.5, 1434.5, 1479.5, 1505.0, 1557.0, 1600.0, 1609.5, 1670.5, 1762.0, 1880.5, 2005.0, 2031.0, 2049.5, 2090.5, 2112.5, 2134.0, 2160.5, 2167.0, 2178.0, 2187.5, 2239.5, 2318.5, 2359.5, 2477.0, 2495.0, 2522.5, 2558.0, 2609.0, 2634.0, 2727.5, 2864.0, 2899.5, 2933.5, 2977.5]"
E4waBH2mT5E,"[4.5309, 73.5309, 295.5063, 403.5063, 585.0063, 808.5063, 965.5063, 1191.8581]"
EF-YTC5yHi0,"[10.1673, 137.6673, 296.6673, 408.6673, 455.6673, 616.1672, 718.6672]"
eghZJJg0gP0,"[51.7236, 64.2236, 537.98, 674.12, 714.62, 821.62, 822.12, 897.12, 1023.6199, 1079.6199, 1413.38, 1599.94, 1767.42, 1965.1, 1997.94, 2111.58, 2312.12, 2366.32, 2523.78, 2556.78, 2684.78, 2805.28, 2868.28, 2909.28, 3035.28, 3165.78, 3200.78, 3244.78, 3263.28, 3497.78, 3743.28, 3823.78, 4033.28, 4146.28, 4308.28, 4466.28, 4641.78, 4701.28, 4722.78]"
EHzEbKDgeRU,"[5.1985, 65.6985, 117.1985, 166.1985, 217.6985, 294.1985]"
ejGQ2YGT2-8,"[8.4154, 44.8066, 99.23, 160.5249, 196.2961, 224.9366, 283.0523, 316.308, 340.9336, 364.8137, 450.3528, 488.0201, 551.851, 617.5004, 696.1516, 777.6028, 824.8027, 838.2381, 871.9998, 883.9723, 945.5875, 1014.6775, 1027.4707, 1081.0173, 1150.4349, 1173.7762, 1209.1233, 1264.8911, 1315.0437, 1347.9536, 1421.0271, 1438.1195, 1459.2086, 1488.887, 1523.757, 1588.7756, 1784.1989, 1874.9661, 1918.5232, 1979.9015, 2038.825, 2124.9781, 2148.0641, 2208.1843, 2285.4422, 2331.0713, 2470.5883, 2542.6173, 2585.5254, 2657.2932, 2759.0163, 2841.0522, 2856.7369, 2882.8715, 2913.4868, 2921.0779, 2937.2721, 2992.4841, 3020.0541, 3029.4522, 3044.3238, 3061.375, 3121.8811, 3152.1663, 3169.283, 3208.1737, 3220.7915, 3234.7934, 3272.4641, 3301.8305, 3325.0899, 3393.7758, 3419.7748, 3455.3564, 3488.3499, 3511.1079, 3556.3621, 3588.9341, 3607.095, 3627.2788, 3673.9764, 3700.1391, 3719.1275]"
EQQLej9EoTY,"[5.5, 44.0, 115.0, 236.0, 356.0, 450.0, 542.0, 568.0, 725.0, 739.5, 807.0, 873.5, 908.0, 964.0, 1031.5, 1102.5, 1181.5, 1210.5, 1256.0, 1285.5, 1310.5, 1384.5, 1420.5, 1455.0, 1467.0, 1511.5, 1542.5, 1573.0, 1677.0, 1700.0, 1760.0, 1803.5, 1816.0, 1891.0, 1934.5, 1958.0, 2010.0, 2039.5, 2206.0, 2306.0, 2356.0, 2516.0, 2518.0, 2520.0, 2539.5, 2575.0, 2601.0, 2670.5, 2740.0, 2824.5, 2937.5, 2982.5, 2995.0, 3052.0, 3094.5, 3119.0, 3157.5, 3210.5, 3443.0, 3444.5, 3445.0, 3446.5, 3543.5, 3629.0, 3783.0, 3785.0, 3785.5, 3787.5, 3788.0, 3790.0, 3828.0, 3958.0, 3993.5, 4006.5, 4008.0, 4038.0, 4072.5, 4131.0, 4160.5, 4193.5, 4231.5]"
Ewj3Wf9D4zw,"[11.1691, 50.6691, 235.1691, 291.6691, 352.6691, 395.6691, 409.1691, 445.6691, 489.1691, 516.6691, 554.1691, 572.1691, 612.1691, 632.169, 648.169, 691.169, 714.6689, 726.1689]"
ewjt-8MRbxY,"[42.4425, 280.4425, 415.4425, 415.9424, 421.4424, 489.9424, 656.9423, 716.5653, 828.9022, 879.9022, 1174.7105, 1220.2105, 1242.7105, 1325.7105, 1500.2105, 1617.7105, 1769.7104, 1836.2104, 1836.7103, 1841.2103, 1841.7103, 1886.2103, 1902.7102, 2035.2102, 2087.2102, 2292.089]"
Fa7FuQDyjO8,"[64.8197, 147.8196, 170.3196, 199.3196, 241.3196, 267.3196, 520.3196]"
fBYu8I52nVM,"[6.0, 100.167, 213.167, 497.5, 556.833, 655.167, 680.833, 786.667, 955.667, 999.833, 1209.833, 1223.833, 1360.167, 1446.167, 1468.167, 1533.667, 1744.167, 1878.167, 1975.833, 2043.167, 2155.833, 2163.5, 2201.768, 2236.667, 2284.167, 2284.1669, 2327.1668, 2379.6668, 2425.833, 2451.648, 2546.148, 2546.648, 2547.148, 2592.167, 2593.667, 2629.167, 2696.666, 2756.5, 2793.333, 2800.333, 2840.5, 2868.833, 2906.8329, 2966.8329, 3004.3329, 3018.3329, 3046.8329, 3067.8328, 3227.333, 3267.8329, 3381.0, 3432.0, 3521.666, 3533.1659, 3565.1659, 3628.1659, 3734.833, 3759.166, 3905.666, 4022.0, 4120.833, 4187.0, 4229.5, 4331.333, 4437.0, 4473.8422, 4482.666, 4521.5, 4532.4999, 4748.0, 4768.666, 4777.666, 4856.166, 4862.666, 4873.166, 4875.666, 4876.1659, 4876.6659, 4877.1659, 4877.6659, 4878.1659]"
fc_bPRtp8Q0,"[31.0418, 61.5418, 261.1308, 362.9619, 543.0738, 649.5738, 763.0738, 781.0738, 806.5738, 837.0738, 1027.5517, 1140.0517, 1221.0517, 1262.5517, 1293.5517, 1346.0517, 1350.0517]"
FEh0PRkiRgg,"[32.0, 71.0, 103.5, 160.5, 299.5, 330.0, 379.5, 415.0, 479.0, 515.5, 544.5, 566.0, 637.0, 648.5, 674.0, 703.0, 746.5, 771.0, 791.0, 818.5, 847.5, 894.0, 923.0, 1031.0, 1072.5, 1118.5, 1155.5, 1207.5, 1211.5, 1240.5, 1275.5, 1295.0, 1364.5, 1458.0, 1510.0, 1531.5, 1616.0, 1753.0, 1868.5, 1915.5, 1973.0, 2035.5, 2092.5, 2113.0, 2160.0, 2186.5, 2203.5, 2239.5, 2300.0, 2339.5, 2373.0, 2456.5, 2521.5, 2573.5, 2601.0, 2647.0, 2668.5, 2724.0, 2757.0, 2836.0, 2849.0, 2873.5, 3039.5, 3065.0]"
FFyGM625F4c,"[263.7352, 503.7352, 583.2352, 665.7352, 851.2352, 1018.2352, 1032.2352, 1044.7352, 1658.7352, 1671.7352, 1876.2351, 1938.7351, 2038.7351, 2206.2351, 2209.7351, 2405.7351, 2442.2351, 2473.7351, 2505.2351, 2572.7351, 2657.7351, 2673.7351]"
FhHqKGLeZkI,"[9.0926, 45.0926, 67.5926, 134.0926, 154.0926, 244.5926, 263.5926, 278.0925, 303.0925, 330.0925, 371.5925, 460.0925, 559.5925]"
fiWf6gpuXek,"[37.342, 195.842, 348.8224, 513.8224, 610.1958, 723.1958, 773.6085, 1155.1106, 1694.8468, 1910.9391, 1989.9391, 2073.4391, 2193.9391, 2274.4391, 2387.4391, 2417.939, 2556.939, 2755.439, 2907.939, 3463.2811, 3544.781, 3601.781, 3697.281, 3776.281, 4006.781, 4304.1691, 4360.6691]"
fK2ULsNUfAY,"[25.138, 203.2947, 327.7294, 394.1516, 515.1659, 612.8047, 719.7937, 754.4738, 845.9505, 1131.7022, 1239.0262, 1311.8564, 1353.8209, 1394.3746, 1522.2954, 1656.0151, 1762.9872, 1794.8062, 1828.4146, 1921.2731, 1995.7966, 2085.6521, 2169.443, 2221.7777, 2348.4742, 2411.4883, 2442.2982, 2495.4515, 2579.3585, 2641.97, 2708.4833, 2847.1411, 2991.7239, 3082.0641]"
FLjpsVbUbT0,"[6.1927, 33.6927, 201.6927, 266.6927, 319.6926, 360.1926, 450.1925, 519.6925, 553.6925, 628.1925, 709.1924]"
FnMYvGkk_YE,"[8.0, 98.0, 232.5, 304.5, 363.0, 393.0, 487.5, 681.5, 712.5, 768.0, 848.5, 913.4999, 1167.9998, 1344.4998, 1425.9998, 1600.4998, 1614.9998, 1632.4998, 1746.4998, 1798.9998, 1888.9998, 2014.4998, 2209.9998, 2241.074]"
fRahDN7_wDg,"[6.028, 51.528, 151.028, 223.528, 327.5279, 434.0279, 508.0279, 585.5279]"
fwdxieyNbWM,"[29.6199, 51.6199, 252.6199, 359.1199, 452.1199, 565.1199, 658.6199, 815.1198, 962.1187, 1041.1187, 1167.6187, 1213.6187, 1302.6187, 1403.6187, 1509.1187, 1657.1187, 1769.6788, 1823.6788, 1877.6787, 1956.1787, 2026.6787, 2084.6787, 2144.6787, 2165.6786, 2193.1785, 2228.1785, 2283.1785, 2357.6785, 2440.1785, 2501.6785, 2540.6784, 2569.1784, 2716.1784, 2789.1784, 2889.1784, 2990.1784, 3107.1784, 3160.1784, 3166.6784, 3238.6784, 3333.1784, 3387.1784, 3457.6784, 3535.6784, 3540.222]"
g1JIbOMWBBM,"[84.0049, 175.8318, 298.9767, 406.3783, 500.8478, 553.1188, 634.5058, 682.6654, 743.662, 900.8279, 970.1659, 988.3802, 1037.6377, 1082.0736, 1138.4286, 1172.1108, 1259.6699, 1309.3498, 1346.6581, 1408.6297, 1432.8953, 1569.0552, 1608.1998, 1643.675, 1741.1466, 1796.9585, 1825.2919, 1936.5262, 2063.1945, 2098.2941, 2152.4658, 2178.5124, 2249.718, 2316.1084, 2366.2194, 2427.1446, 2538.1583, 2585.3091, 2631.6253, 2676.7309, 2725.7019, 2740.0546, 2788.8875, 2841.5857, 2875.168, 2942.0887, 2989.782, 3060.5336, 3101.2213, 3150.367, 3231.8819, 3306.3493]"
GanmCzqO_AE,"[30.0813, 31.0813, 248.1399, 357.16, 424.1, 629.14, 640.6399, 718.8, 728.54, 817.0399, 995.66, 1274.76, 1365.8, 1477.06, 1518.9, 1720.7, 1728.82, 1784.3199, 1905.64, 1918.14, 1990.56, 2343.34, 2390.92, 2584.2399, 2591.7199, 2798.02, 2869.08, 2897.56, 2924.02, 3014.44, 3071.14, 3108.7199, 3171.66, 3200.88, 3206.88, 3222.8799, 3234.9, 3247.3999, 3259.8999, 3271.8999, 3283.8999, 3296.3999, 3308.52, 3321.02, 3333.02, 3345.52, 3357.52, 3370.02, 3382.52, 3394.52, 3453.0199, 3462.5199]"
gb0arNyiLCI,"[11.0, 32.5, 38.0, 67.0, 84.5, 104.0, 124.5, 160.0, 175.0, 230.5, 295.0, 379.0, 513.0, 529.0, 547.5, 571.0, 610.5, 658.5, 664.0, 710.5, 812.0, 854.5, 867.5, 874.5, 978.5, 985.0, 1085.0, 1088.5, 1111.5, 1119.5, 1133.5, 1166.5, 1189.0, 1200.5, 1202.0, 1214.0, 1223.0, 1232.5, 1234.5, 1245.0, 1245.5, 1260.5, 1271.0, 1289.5, 1305.0, 1319.5, 1438.5, 1476.0, 1476.5, 1478.5, 1484.5, 1506.5, 1512.5, 1517.0, 1582.0, 1583.0, 1584.5, 1585.0, 1762.0]"
GIAhrwnk79Y,"[11.1824, 94.1824, 154.6824, 164.6824, 204.1824, 292.6824, 385.6824, 408.1824, 430.6824, 460.1824, 507.6824, 652.1824, 670.6824, 683.1824, 727.1824]"
giwVjX1iuMg,"[29.5191, 62.5191, 298.0191, 543.5191, 580.0191, 826.0191, 960.0191, 1172.0191, 1281.5191, 1393.0191, 1449.5191, 1486.019, 1552.019, 1620.019, 1694.519, 1775.019, 1926.519, 2155.019, 2264.519, 2348.519, 2388.519, 2491.019, 2585.519, 2603.0189, 2625.5189, 2669.5189, 2710.5189, 2790.5189, 2893.5189, 2930.5189, 2952.5189, 2975.5189, 3136.5188, 3297.5188, 3425.5188, 3505.5188, 3608.5187, 3770.5187, 3796.0187, 3843.5187, 3856.5187]"
GJdadQuElnU,"[29.4876, 68.9876, 148.4876, 196.4876, 340.4876, 407.4876, 443.9876, 644.4876, 770.9876, 824.9876, 894.6851, 964.1851, 996.1851, 1027.6851, 1110.1851, 1164.685, 1251.685, 1326.185, 1467.185, 1499.185, 1553.685, 1657.685, 1702.685, 1751.685, 1758.685, 1846.685, 1886.185, 1939.185, 2025.685, 2100.185, 2177.185, 2262.185, 2274.685, 2300.185, 2366.185, 2413.685, 2488.685, 2523.185, 2534.185, 2614.185, 2791.6849, 2983.1849, 3070.1849, 3133.6849, 3220.6849, 3288.6849, 3304.6849, 3317.1849, 3324.1849, 3382.6849, 3416.6849, 3439.1849, 3452.1849, 3461.6849, 3470.1849, 3486.6849, 3492.6849, 3498.1849, 3512.1849, 3518.1849, 3520.6849]"
gMKsubigjN0,"[20.1075, 88.1075, 160.1075, 196.6075, 263.1075, 295.1074, 330.6074, 396.6074, 446.1073, 489.6073, 557.1072, 596.1072, 694.6072, 750.6072, 852.1072, 871.1071, 963.6071, 1023.1071, 1041.107, 1150.107, 1209.607, 1268.607, 1354.607, 1400.607, 1453.107, 1462.107, 1521.107, 1556.107, 1562.607, 1610.107, 1667.607, 1677.6069, 1725.1069, 1837.1069, 1953.1069, 2006.1069, 2072.6069]"
go3XJ302hk4,"[20.991, 94.491, 143.491, 200.9909, 229.4908, 241.4908, 258.4908, 259.4907, 266.4907, 287.9907, 289.4907, 331.9907, 381.4907, 427.4907, 460.9907, 520.4907]"
GpcYL0Aep38,"[5.5, 38.3877, 88.3877, 131.3877, 308.3877, 393.3361, 444.2084, 530.0996, 701.5336, 1168.9374, 1270.9374]"
grudC3qeMfU,"[7.3597, 50.3597, 113.3597, 136.3597, 171.3597, 188.8597, 224.8597, 249.3597, 279.3597, 409.3597, 528.3597, 580.8597, 620.3597, 710.3597, 750.8597, 805.8597, 821.8597, 841.3597, 885.8597, 921.3597, 950.3597, 983.8597, 1008.3597, 1032.3597, 1049.3597, 1076.3597, 1104.3597, 1160.8597, 1182.3597, 1219.8597, 1259.3597, 1283.3597, 1360.3596, 1377.8596, 1403.8596, 1425.3596, 1445.3596, 1477.8596, 1493.8596, 1517.8596, 1547.8596, 1608.3596, 1631.8596, 1651.8596, 1668.3596, 1718.8596, 1758.3596, 1806.3596, 1861.3596, 1905.8596, 1971.3596, 1989.3595, 2015.3594, 2123.047]"
gsDGPyBzrQM,"[14.0, 172.5, 188.5, 199.0, 222.0, 462.5, 488.5, 492.5, 527.5, 533.5, 540.5, 556.0, 564.0, 608.0, 675.0, 758.5, 792.5, 820.0, 851.5, 925.5, 1063.5, 1084.5, 1152.5, 1210.5, 1211.0, 1227.0, 1292.5, 1331.5, 1380.5, 1554.5, 1640.0, 1824.5, 1836.0, 1880.0, 1988.0, 2046.5, 2202.5, 2338.0, 2351.0, 2412.5, 2419.0, 2428.0, 2432.0, 2453.5, 2465.0, 2475.0, 2492.0, 2516.0, 2522.5, 2533.0, 2543.0, 2652.0, 2722.5, 2744.0, 2808.5, 2834.5, 2857.0, 3022.0, 3064.5, 3073.0, 3214.0, 3233.5]"
gvhMDfQc58c,"[5.3069, 32.3069, 60.8069, 100.3069, 138.8069, 167.8069, 194.3069, 220.8069, 275.8068, 356.8068, 372.8068, 460.8068, 491.3068, 560.3068, 584.3068, 637.3068, 735.3067, 776.8067, 825.3067, 923.3067, 957.3067, 1008.8066, 1042.8066, 1066.3066, 1137.3066, 1257.3066, 1278.3066, 1393.8066, 1430.3066, 1459.3066, 1531.3066, 1594.3065, 1651.8065, 1719.8065, 1735.8065, 1769.3065, 1791.8065, 1852.8065, 1913.3065, 1999.8064, 2067.3064, 2176.3064, 2209.3063, 2283.8063, 2333.8063, 2403.8063, 2444.3063, 2513.8063, 2557.3063, 2599.3063, 2643.8063, 2696.3063, 2743.8063, 2811.3062, 2853.3062, 2884.8062, 2931.3062, 2954.3062, 2987.8062, 3014.3062, 3045.8062]"
GxHsvxywvtE,"[12.8545, 84.8545, 153.3545, 241.3545, 418.3545, 535.8545, 694.8545, 765.8566, 796.3566, 888.3565, 999.8565]"
gxU-MuBvekI,"[22.2164, 38.7164, 155.2164, 273.2164, 314.7164, 470.7164, 541.7164, 562.2163, 606.7163, 703.2163, 716.7162, 721.2161, 793.7161, 855.2161, 950.7161, 1135.2161]"
h2CWXJSQMD0,"[56.0, 188.0, 431.0, 637.5, 790.5, 894.5, 929.0, 1045.5, 1133.0, 1270.0, 1582.0, 1989.5, 2107.0, 2133.5, 2357.5, 2391.0, 2588.0, 2844.9999, 2892.9999, 3131.9999, 3148.997]"
Hb1b3YPHiTE,"[48.1861, 125.6861, 201.6861, 373.5775, 464.0775, 505.0774, 511.5773, 514.0773, 514.5773, 515.5773, 643.9064, 701.9064, 958.6603, 1147.1603, 1170.6602, 1258.6601, 1275.66, 1283.1599, 1376.1599, 1469.6599, 1556.1599, 1623.6599, 1630.6598, 1664.1598, 1747.1598, 1818.6598, 1873.6598]"
hFB-I5tDNyU,"[30.6048, 53.6048, 246.0094, 414.5094, 489.0094, 723.0094, 911.9908, 1083.4908, 1200.9908, 1269.4907, 1371.9907, 1462.9907, 1558.4907, 1593.4907, 1664.4907, 1856.9907, 2042.4907, 2104.9907, 2240.9907, 2290.4906, 2335.4906, 2440.4906, 2536.9905, 2566.4905, 2696.9905, 2730.9905, 2839.4905, 2928.4905, 2993.9905, 3077.4905, 3141.9905, 3143.4904, 3143.9904, 3189.9904, 3260.4904, 3296.4904, 3401.4904, 3488.4904, 3577.9904, 3645.4904, 3680.9904, 3751.4904, 3789.9904, 3889.4904, 3959.4903, 3965.4903, 3983.4902]"
hgk8-2Fweb8,"[18.5, 53.3957, 148.3957, 275.3957, 359.8957, 433.8957, 474.8957, 655.3956, 745.3956, 857.8956, 899.3956, 1064.3956, 1180.3955, 1238.8955, 1332.8955, 1416.1725, 1507.6725]"
HGMWudXAnIE,"[12.09, 112.59, 154.09, 284.59, 374.59, 514.09, 567.09, 670.09, 740.09, 799.59, 954.1117, 1008.6117, 1112.1117]"
hmgVyFP9A9Y,"[8.5, 96.5, 323.0, 395.4999, 473.9999, 541.7851, 624.2851, 683.7851, 843.2851, 1012.2851, 1181.7851, 1303.2851, 1352.7851, 1390.7851, 1570.9704]"
hOT3-eQ78ug,"[14.8393, 70.8393, 124.8393, 166.3393, 219.8392, 272.3391, 317.8391, 392.3391, 461.3391, 492.3391, 599.7363, 666.065, 873.9047, 952.9047, 1043.4046, 1102.4046]"
hPmpU72Cgsg,"[10.1926, 43.6926, 145.1926, 219.1926, 264.1926, 292.6925, 351.6925, 385.1925, 386.6924, 395.1924]"
i2rMu91EFuI,"[18.3362, 77.3362, 175.8362, 244.3362, 268.8361, 313.8361, 341.8361, 409.8361, 517.8361, 602.836, 732.8202, 742.3201, 774.8201, 1077.3884, 1203.3884, 1209.3883, 1283.8883, 1422.8882, 1557.3882, 1558.8882, 1563.3881, 1569.3881, 1839.3881, 1885.388]"
I8XPdNC_Xk8,"[5.1162, 41.1162, 71.6162, 162.1162, 206.6162, 278.6162, 310.1162, 353.1162]"
IIfeX44RI9k,"[25.4677, 100.0046, 150.0046, 174.0045, 197.5045, 231.5045, 301.5044, 321.5044, 484.5044, 550.0044, 641.0044, 663.5043, 708.5042, 747.5042, 882.0042, 944.5042, 999.5041, 1058.0041, 1083.5041, 1149.004, 1231.5039, 1342.7545, 1368.2544, 1448.2543, 1526.2543, 1569.7543, 1625.7542, 1669.7542]"
IotJiLgIwvQ,"[59.9203, 108.7093, 190.0459, 315.0701, 349.2732, 389.2834, 523.8971, 542.9457, 550.5813, 553.0813, 558.9669, 562.5123, 565.319, 577.8912, 583.8165, 603.2477, 608.7477, 614.9467, 634.0466, 711.227, 786.0205, 796.7069, 914.6134, 917.1133, 920.1133, 922.6133, 927.1133, 957.1133, 1021.3317, 1048.9984, 1070.2267, 1342.634, 1346.7288, 1350.3392, 1355.4285, 1359.5392, 1379.4662, 1414.0216, 1427.9572, 1454.0997, 1570.461, 1580.4501, 1600.598, 1702.1517, 1707.8466, 1714.7182, 1732.4135, 1772.3367, 1809.8223, 1816.2448, 1819.0224, 1831.8658, 1883.2904, 1915.8491, 2174.3922]"
iQTDUc91ED4,"[29.804, 224.5985, 362.0658, 430.4662, 510.2582, 718.974, 886.0742, 1060.857, 1147.1052, 1312.8348, 1327.9942, 1501.5888, 1623.7119, 1700.7378, 1813.6534, 1929.9302, 2163.9874, 2294.6373, 2378.6452, 2487.3852, 2544.1527, 2670.1498, 2837.1492, 2924.4003, 3037.924, 3160.9469, 3206.1817, 3332.7361, 3400.9168, 3498.0782, 3591.2628, 3655.8018, 3688.8153, 3779.2797, 3887.4787, 3983.0299, 4064.5191, 4133.9673, 4185.1771, 4193.6244, 4206.6773]"
IRFoKHjLol8,"[148.5, 157.0, 244.0, 264.4999, 601.9999, 623.9999, 1005.9999, 1017.9999, 1335.4999, 1395.9999, 1430.4999, 1583.4998, 1702.9997, 1831.9997, 1857.9997, 1886.9997, 1952.4997, 1992.9997, 2169.4997, 2791.1675, 2800.6675, 2820.6675, 3342.6675, 3357.6674, 3628.1674, 3635.6674, 3674.1674]"
IRxyWfmXLXA,"[8.9632, 91.9632, 228.4631, 312.9631, 358.4631, 467.6669, 511.1669, 631.6669, 681.1669, 823.6669]"
is-Gs4rdLHk,"[13.3645, 36.4098, 81.1531, 102.0849, 270.4745, 290.6917, 318.5777, 374.9995, 389.4957, 430.7928, 458.7358, 475.6272, 505.8798, 549.7175, 576.8008, 610.1141, 645.3162, 686.9177, 722.3995, 748.98, 762.1211, 781.6932, 826.8514, 857.9717, 899.8317, 925.7894, 969.0547, 975.8535, 978.3535, 1007.2288, 1035.3343, 1055.1902, 1072.8762, 1092.789, 1116.5298, 1157.6129, 1233.0174, 1267.831, 1286.1018, 1302.2025, 1319.9692, 1330.6831, 1355.8644, 1382.7857, 1408.4815, 1429.5789, 1437.6613, 1450.0068, 1460.771, 1480.8351, 1505.3681, 1548.3106, 1570.1078, 1596.9942, 1657.6505, 1687.946, 1721.9666, 1758.984, 1783.2841, 1817.678, 1853.1188, 1902.7389, 1903.4976, 1946.733, 1975.8552, 2013.2608, 2030.7514, 2049.1528, 2075.157, 2094.0074, 2122.8367, 2146.4948, 2167.4766, 2192.7736, 2205.1187, 2294.7889, 2342.2561, 2371.111, 2400.1164, 2412.1468, 2461.572, 2489.053, 2508.8047, 2572.9876, 2600.2699, 2634.9763, 2650.186, 2685.5827, 2730.1579, 2749.3726, 2766.1552, 2806.4672, 2847.7516, 2875.5705, 2912.568, 2925.6238, 2981.5369, 3020.0589, 3079.7741, 3107.7187, 3151.8089, 3201.2853, 3247.4312, 3285.1861, 3354.1803, 3371.0256, 3395.823, 3418.3209]"
j0VTYFUMW_M,"[6.975, 36.475, 36.975, 61.475, 164.975, 216.475, 291.975, 424.475, 454.475, 469.9749, 483.9749, 559.9749, 608.9749, 619.9749, 639.9749]"
J1S-SgJEuCo,"[17.0, 40.0, 178.5, 184.0, 226.5, 303.4019, 358.1043, 400.6043, 428.6042, 444.1042, 493.6042, 794.2056, 800.2056, 889.7056, 931.2056, 967.7056, 986.2056, 994.2056, 1039.7056, 1046.2055, 1054.7055, 1058.7055, 1143.7055, 1170.7055, 1189.7054, 1220.7054, 1237.7054, 1348.7054, 1508.7054, 1536.7054, 1542.7053, 1562.7052, 1653.7052, 1719.2052, 1842.7052, 1967.7052]"
j2-9yymHfeU,"[34.0, 156.1666, 252.8839, 328.3333, 467.0, 547.1666, 764.8333, 849.1666, 1432.0, 1547.3333, 2058.3333, 2427.3333, 2604.1666, 2684.8333, 2876.3333, 3083.1666]"
jE9FnEq3k0U,"[22.9839, 36.9839, 85.4839, 95.9839, 140.9839, 172.4839, 221.9839, 242.4839, 251.4838, 290.9838, 318.4838, 351.9838, 439.8526, 484.8526, 511.8526, 560.0335, 575.5335, 629.0335, 671.5335, 694.0335, 740.5335, 774.5335, 811.5335, 857.0335, 897.5335, 946.5335, 972.5334, 982.5334, 999.0334, 1035.5334, 1102.5334, 1120.0334, 1176.0334, 1205.5334, 1258.5334, 1319.5334, 1365.5334, 1430.0334, 1593.8708, 1613.8708, 1744.909, 1787.909, 1852.909, 1881.909, 1891.9089, 1923.9088, 1952.4088, 1988.9088, 2054.4088, 2132.4088, 2161.4087, 2198.4087, 2375.9087, 2397.9087, 2410.9087, 2444.9087, 2467.4087, 2485.9087, 2503.4087, 2519.4087, 2572.4087, 2593.9087, 2630.9087, 2669.9087, 2696.9087, 2724.4087, 2758.9086, 2818.4085, 2843.4085, 2916.4085]"
jLgLSlM9jwI,"[0.0, 23.1666, 84.3333, 92.8333, 101.3333, 101.8333, 110.3333, 111.3333, 275.5333, 318.8666, 515.3666, 577.3666, 660.8666, 688.3666, 722.8666, 755.3666, 789.3666, 851.5333, 1127.7, 1159.1999, 1225.1999, 1306.6999, 1326.6999, 1341.6999, 1419.6998, 1498.1998, 1539.1997, 1651.6997, 1693.1997, 1813.1997, 1874.1997, 1963.6997, 2003.1997, 2022.6997, 2130.1997, 2184.6997, 2323.6997, 2332.1997, 2395.6997, 2405.1997, 2433.1997, 2456.6997, 2549.1997, 2602.6997, 2638.6997, 2945.6997, 2959.6997, 3038.1997, 3085.6996, 3103.6996, 3118.1996, 3157.1996, 3264.1996, 3306.1996, 3336.1996, 3417.6996, 3466.6996, 3573.6996, 3673.1996, 3694.1666, 3722.6666, 3775.6666, 3845.6666, 3908.1666, 3955.6666, 3996.1666, 4052.1666, 4126.1666, 4184.6666, 4218.6666, 4236.1666, 4271.1666, 4331.1666, 4358.6666, 4410.1666, 4484.1666, 4525.1666, 4569.1666]"
JLVt1iAJJts,"[16.1645, 28.6645, 74.9966, 87.9965, 93.4965, 131.9965, 133.4965, 134.4965, 165.4965, 176.9965, 188.9965, 230.4965, 252.4965, 268.4965, 311.9965, 340.9965, 360.4965, 367.9965, 403.9965, 461.4965, 641.4964, 697.9964, 732.4964, 773.4964, 800.4963, 850.9963, 880.9963, 933.4963, 961.9963, 973.4962, 987.4962, 999.4962, 1011.4962, 1035.4962, 1041.9962, 1053.9961, 1057.9961, 1061.4961, 1094.4961, 1109.9961, 1115.496, 1140.996, 1159.496, 1176.996, 1208.996, 1228.4959, 1236.4958, 1241.9958, 1271.4958, 1296.9958, 1335.9958, 1349.4958, 1386.9958, 1407.4958, 1414.9958, 1416.4958, 1420.9958, 1471.4958, 1497.9958, 1511.9957, 1520.9957, 1525.9956, 1593.4956, 1632.9956, 1666.9956, 1679.4956, 1717.9956, 1747.4956, 1778.4956, 1794.9956, 1803.4955, 1821.4954, 1867.4954, 1890.9954, 1904.4954, 1914.4954, 1920.4954, 1939.4954]"
jMx8Gu7QxpM,"[9.5313, 43.0313, 141.0312, 216.5312, 282.0311, 330.5311, 382.5311, 651.914, 712.4139, 791.9138, 877.4138, 923.4137]"
jsYDNY7gtB0,"[20.055, 67.5549, 104.0549, 201.0549, 223.0548, 248.0548, 323.0547, 403.0547, 487.0546, 518.0546, 584.5546, 642.0546, 685.5546, 744.5545, 772.0545, 798.0545, 845.0545]"
JTm12e8Z_IQ,"[29.0, 206.8333, 225.0, 327.3333, 534.3333, 644.6666, 783.5859, 934.0, 985.5, 1179.0, 1373.3333, 1528.6666, 1573.5, 1614.3333, 1693.5, 1722.0, 1758.0, 1867.5, 1924.0666, 1947.0666, 2056.0666, 2114.0666, 2131.0666, 2167.0666, 2356.5666, 2480.5666, 2539.0, 2702.0, 2809.5, 2911.5, 2954.5, 3043.5, 3167.0, 3218.0, 3387.5, 3471.3333, 3690.8333, 3791.8333, 3936.3333, 4005.3333, 4087.3333, 4157.3333, 4252.8333, 4276.8333, 4313.3333, 4336.3333, 4362.8333, 4455.8333, 4512.8333, 4549.3333, 4576.3333, 4693.3333, 4786.991]"
jW3DWinvLaU,"[41.5, 84.5, 107.5, 129.5, 155.5, 244.5, 382.0, 461.0, 553.0, 604.0, 673.0, 724.0]"
Jz_A_b0HYWk,"[25.1249, 42.6249, 71.5846, 102.5845, 128.5845, 161.0845, 244.5845, 252.5844, 314.0844, 337.5844, 358.0844, 387.5843, 398.0843, 419.0843, 458.5843, 474.5843, 536.0843, 607.6506, 695.1506, 1245.9348, 1281.9347, 1334.4347, 1393.9347, 1445.9347, 1461.9346, 1468.4345, 1481.4345, 1519.9345, 1565.9345, 1617.4345, 1692.9344, 1705.4344, 1764.9344, 1784.9344, 1825.9344, 1843.4344, 1871.4344, 1916.9344, 1942.4344, 1973.4344, 2110.9344, 2120.4344, 2147.4344, 2205.4344, 2243.4344, 2269.4343, 2338.9343, 2424.4342, 2520.9342, 2698.4342, 2718.9341, 2802.4341, 2842.9341, 2869.9341, 3134.9341, 3182.9341, 3289.9341, 3320.934, 3399.9339, 3449.9339, 3464.9338, 3491.4338, 3516.4338, 3542.9338, 3569.4338, 3602.4338]"
jzqBKHRJLWE,"[15.0656, 112.0656, 174.0656, 233.5656, 278.5656, 280.0656, 370.5656, 436.0656, 483.5656, 570.5656]"
K9i7s33lM6Q,"[26.0579, 73.5579, 163.5579, 301.5579, 368.0579, 419.5579, 452.0579, 476.5578, 587.0578, 668.0577, 789.5577, 914.0577, 979.5577, 1024.5577, 1106.0577, 1136.0577, 1202.0577, 1284.0577, 1379.5577, 1453.5577, 1471.5576, 1510.0576, 1603.5576, 1661.5576]"
KAsotp6l99s,"[38.1755, 88.6755, 170.1755, 240.1755, 385.6755, 496.6755, 535.6755, 566.6755, 639.1755, 694.1755]"
KDVP_WAIUXs,"[42.5587, 90.5587, 118.5587, 208.5586, 208.5586, 252.5586, 254.5586, 309.5586, 329.5586, 338.5585, 448.5585, 534.0585, 623.0585, 697.5585, 756.5585, 762.5585, 764.0585, 765.0585, 765.5585, 766.0585, 766.5585, 770.0585, 770.5585, 771.0585, 772.5585, 774.5585, 775.0585, 788.0585, 811.0585, 813.0585, 815.5585]"
KEd9lits-So,"[17.908, 84.408, 189.908, 247.908, 254.908, 291.408, 305.408, 416.408]"
KjkOGTYtCs0,"[3.5, 9.5, 80.0, 321.5, 352.308]"
KL_I9eE2aGk,"[30.5, 147.0145, 212.5145, 392.0145, 478.5145, 507.5145, 605.0145, 695.0145, 813.5145, 875.5144, 924.3515, 960.3515, 1043.8515, 1078.8514, 1105.3514, 1146.3514, 1215.3514, 1303.3514, 1366.3514, 1413.8513, 1488.3513, 1525.3512, 1582.8512, 1643.3512, 1700.3512, 1808.8511, 1823.3511, 1872.8511, 1948.3511, 1966.3511, 1996.3511, 2079.3511, 2107.8511, 2178.3511, 2224.8511, 2274.3511, 2299.8511, 2334.8511, 2480.8511, 2586.3511, 2612.851, 2716.851, 2842.851, 2890.851, 3067.351, 3163.351, 3240.851, 3266.351, 3325.351, 3388.851]"
klcJZEHK_q8,"[8.4503, 39.9503, 143.9007, 260.9007, 359.9007, 587.3194, 668.9369, 760.9369, 828.4369, 977.4369, 1061.9369, 1115.9369, 1204.9369, 1279.4369, 1367.9369, 1512.9369, 1682.4368]"
kQXy_Wr1OJ0,"[33.5864, 56.5863, 91.0863, 131.0863, 162.0862, 192.5862, 215.0862, 280.5862, 309.0862, 389.0861, 413.5861]"
KxenIPZl3jg,"[29.9757, 72.256, 213.256, 392.756, 459.756, 532.256, 561.256, 655.756, 772.756, 826.756, 887.256, 924.756, 1020.756, 1095.256, 1131.2559, 1159.7559, 1316.7559, 1328.7558, 1373.2558, 1401.2557, 1450.2557, 1466.7556, 1638.2556, 1878.7556, 1932.7556, 1976.7556, 2086.2556, 2156.2556, 2288.2556, 2410.2556, 2599.7556, 2737.7555, 2938.7555, 3117.5692, 3236.0692, 3445.0692, 3498.0692, 3566.0691, 3598.5691, 3638.0691, 3689.5691, 3759.5691, 3836.5691, 3858.5691, 3897.5691, 3907.5691, 3946.0691]"
L1TiP9P55-8,"[122.8096, 125.0711, 242.5036, 416.6881, 662.015, 738.3174, 774.2325, 798.3835, 816.8684, 851.1284, 868.4064, 1021.324, 1144.225, 1263.8764, 1509.5762, 1554.957, 1595.4007, 1608.1579, 1706.6046, 1717.7846, 1804.9851, 1874.5127, 1958.8849, 2068.9858, 2163.1075, 2228.5904, 2267.3993, 2364.9533, 2419.5456, 2716.2764, 2747.611, 2821.7019, 2883.9573, 2913.5705, 2924.1566, 3002.4373, 3297.7436, 3342.8299, 3373.2289, 3452.5978, 3572.9005, 3578.6455, 3585.357, 3659.4858, 3737.0704, 3778.8098, 3782.9529, 3788.7574, 3802.2577, 3867.0126, 3939.4203, 3954.5054, 4018.0836, 4046.2948, 4066.1148, 4092.3848, 4099.02, 4149.709, 4175.2499]"
lBI8DXevsDk,"[25.5929, 173.4813, 318.3115, 403.3122, 700.9357, 807.0417, 1015.648, 1243.9313, 1300.1863, 1422.0689, 1569.8692, 1646.7989, 1710.4016, 1803.2424, 1848.0101, 1927.1542, 1996.6361, 2080.6774, 2135.0715, 2182.797, 2213.28, 2253.8984, 2384.3679, 2464.473, 2516.659, 2560.5045, 2667.1884, 2797.5889, 2960.0842, 3042.2696, 3186.1793, 3206.482, 3265.4951, 3317.6242, 3380.0549, 3493.652, 3563.5344, 3627.8481, 3704.6226, 3740.0702, 3744.2097, 3744.2097]"
lFPt6LbnjeA,"[27.514, 50.514, 316.014, 389.014, 470.514, 584.5738, 722.5738, 842.5738, 927.5738, 1050.5737, 1165.0737, 1413.5737, 1633.8772, 1724.3772, 1862.8772, 1942.3772]"
lhvoqQzbcBY,"[153.0, 184.4999, 189.9999, 215.9999, 226.9999, 273.9999, 296.9999, 412.4999, 477.9999, 622.4999, 701.9999, 840.9999, 933.4999, 1002.9999, 1030.9999, 1115.9999, 1159.9999, 1176.4999, 1247.4999, 1324.4999, 1359.9999, 1398.9999, 1481.9999, 1524.4999, 1548.4999, 1594.9999, 1596.4999, 1642.9999, 1688.4999, 1715.9999, 1769.9999, 1778.4999, 1796.9999, 1826.9999, 1875.9999, 1886.4999, 1886.9999, 1887.4999, 1924.4999, 1981.9999, 2027.9999, 2029.9999, 2034.9999, 2056.4999, 2184.9999, 2219.9999, 2307.9999, 2371.9999, 2389.9999, 2434.9999, 2470.4999, 2556.4999, 2578.4999, 2602.9999, 2669.4999, 2770.4999, 2818.4999, 2860.9999, 2907.9999, 2922.4999, 2972.9999, 2999.9999, 3001.9999, 3103.9999, 3174.4999, 3275.9999, 3365.4999, 3431.9999, 3519.9999, 3537.9999, 3584.4999, 3624.9999, 3692.9999, 3881.9999, 3893.4999, 3905.9999]"
lIKsYXHp0lU,"[42.0099, 132.5099, 222.5099, 269.0099, 392.7475, 526.2475, 666.2474, 737.7474, 855.7474, 922.2474, 957.2474, 1010.7474]"
LMJLocFwrT4,"[23.4826, 189.9826, 280.9826, 319.9826, 421.9826, 565.4826, 645.9826, 777.4826, 826.9826, 879.9826, 1005.9826, 1040.9825, 1059.4824, 1087.9824, 1146.9823, 1186.4823, 1198.9823, 1308.9823, 1359.4822, 1493.4822, 1555.4822, 1716.4822, 1743.9822]"
LQ7IXyQSXBk,"[7.7897, 40.4812, 96.5338, 160.2545, 247.0076, 284.4574, 301.6634, 410.1653, 461.5447, 524.9694, 561.6613, 611.4147, 641.5996, 710.6184, 780.1457, 814.0159, 875.5251, 900.1624, 986.0366, 1109.1124, 1131.2461, 1203.7911, 1230.5038, 1261.8275, 1330.3609, 1392.7927, 1431.2667, 1623.8979, 1740.8656, 1761.0627, 1782.5551, 1813.1539, 1825.5854, 1895.9822, 1939.2773, 1987.4087, 2012.6387, 2021.1845, 2021.6845, 2022.6845, 2026.6845, 2051.8868, 2094.3135, 2122.5781, 2153.1314, 2202.7796, 2242.4242, 2486.6052, 2524.9401, 2534.3285, 2563.96, 2611.7351]"
lTgSEC90AII,"[7.5, 22.5, 85.5, 111.5, 125.0, 170.5, 192.0, 225.0, 257.5, 331.0, 357.0, 379.0, 422.0, 432.0, 482.5, 515.5, 546.0, 612.5, 635.0, 666.0, 703.0, 715.0, 755.5, 773.5, 801.5, 815.0, 831.0, 900.0, 931.5, 945.5, 976.5, 997.0, 1059.0, 1075.0, 1095.5, 1105.0, 1130.5, 1233.5, 1270.0, 1294.0, 1318.0, 1363.5, 1387.0, 1409.0, 1442.0, 1469.0, 1524.0, 1544.5, 1565.0, 1576.5, 1593.0, 1633.0, 1681.5, 1709.0, 1737.0, 1760.5, 1819.5, 1841.5, 1938.5]"
LxjnpUxUFUE,"[11.4769, 48.4769, 130.4769, 227.9769, 299.4768, 463.9768, 587.9768, 665.3072, 710.7505, 778.7505, 978.7505, 1145.1764, 1194.1763, 1392.5272, 1457.5272, 1562.5272, 2106.5271, 2187.689]"
LXyZBwIhHHs,"[22.9942, 181.1781, 239.1781, 297.1781, 369.6781, 638.1781, 680.6781, 755.1781, 815.178, 892.178, 984.678, 1083.678, 1144.178, 1215.178, 1354.678, 1422.178, 1496.178]"
LySL-0ONA5g,"[354.1647, 463.6995, 622.3104, 771.2393, 983.0185, 1088.5568, 1232.4433, 1261.7744, 1303.2744, 1393.7744, 1455.4792, 1587.9792, 1652.5825, 1690.0825, 1741.5825, 1780.5825, 1841.0825, 1900.5825, 1941.0825, 1975.5825, 2023.5825, 2077.0825, 2136.0825, 2197.5825, 2382.5825, 2573.5825, 2683.5825, 2775.0825, 2824.5825, 2947.0825, 3035.0825, 3085.0825, 3192.5825, 3244.0825, 3384.5825, 3453.5825, 3473.4737, 3542.4737, 3643.9737, 3690.9737, 3770.4737, 3807.4737, 3838.9737, 3889.4737, 3960.4737, 4058.4737, 4109.9737, 4192.9737, 4250.4737, 4299.9737, 4350.4737, 4402.9737, 4459.4737, 4519.9736, 4541.9736, 4577.9735, 4693.9735, 4730.9735, 4809.4735, 4861.9735, 4999.9735, 5098.4735, 5128.9735]"
M4l0Vr-gR7o,"[5.4697, 43.9697, 83.4697, 101.4696, 157.4696, 212.4696]"
mAKlXxrykbg,"[15.5, 93.4823, 145.4224, 219.9224, 346.4224, 453.4224, 467.9223, 474.4223, 613.9223, 807.4223, 987.4222, 1043.4222, 1206.4222, 1254.4222, 1328.4222, 1374.4222, 1482.4222, 1521.4222, 1572.4222]"
mdE7H8maXcY,"[43.4922, 225.3443, 308.3443, 394.2458, 587.1038, 739.3243, 809.3242, 844.8242, 900.3241, 917.8241, 995.8016, 1028.8016, 1050.3016, 1097.8016, 1256.8016]"
mDoU582hsNk,"[9.7755, 88.3021, 181.0678, 296.0856, 411.5564, 436.8206, 448.7325, 536.7414, 583.7698, 654.7187, 717.033, 796.106, 827.0596, 886.0179, 913.5852, 1001.8657, 1034.6267, 1079.4301, 1184.8293, 1261.2275, 1302.0095, 1386.4678, 1456.9034, 1502.3418, 1563.8717, 1608.6655, 1663.394, 1712.7474, 1745.7647, 1759.5084, 1801.4018, 1860.3322, 1903.9562, 1985.2766, 2097.9894, 2128.6433, 2165.1671, 2210.8559, 2257.9008, 2328.4251, 2371.5159, 2399.2697, 2422.2838, 2502.3607, 2503.5292, 2506.5292, 2507.5292, 2563.0583, 2585.9727, 2642.5143, 2686.719, 2779.9375, 2849.0393, 2893.4672, 2953.1743, 2967.2241, 3037.9437, 3072.2623, 3081.6698, 3170.6591, 3220.381, 3264.0726, 3359.6619, 3401.4547, 3479.1858, 3531.5811, 3594.9027, 3634.8523, 3683.0291, 3713.3212, 3735.9911, 3771.8299]"
mGfgKADpNS0,"[92.36, 111.86, 180.86, 191.3599, 266.8599, 406.8599, 496.3599, 623.8599, 947.1946, 957.1946, 1030.1946, 1045.1946, 1315.2134, 1344.2133, 1407.7133, 1447.2133, 1453.2132, 1458.7132, 1499.2132, 1706.7132, 1750.7132]"
MGwlw0iIDRE,"[7.455, 52.455, 134.955, 201.955, 259.455, 403.955, 602.955, 713.955, 779.955, 864.955, 905.455, 977.455, 1110.455, 1175.455, 1208.955, 1361.955, 1495.455]"
mjmaykudgyA,"[11.4859, 94.4859, 157.4859, 218.4859, 251.4858, 314.4858, 334.4858, 351.4858, 366.4858, 385.9858, 461.4858, 532.4858]"
MLmLr0KW3f0,"[13.9837, 126.4837, 212.9837, 298.9837, 402.9837, 525.9837, 781.2895, 871.2895, 1162.2895, 1312.7895, 1401.2895, 1681.7895, 1739.7895, 1833.7895]"
MoQWPwzTzFE,"[6.5, 44.0, 69.5, 132.5, 228.0, 250.0, 279.4999, 311.9999, 475.4999, 521.4999, 581.9998, 711.4998, 760.4998, 761.4998, 819.9998, 956.9998, 984.9998, 1045.9997, 1074.4997, 1162.9997, 1195.9997, 1242.9997, 1268.4997, 1377.4997, 1401.4997, 1439.4997, 1457.4996, 1537.9996, 1559.9995, 1572.4995, 1633.9995, 1653.9995, 1691.4995, 1732.4995, 1758.4994, 1767.9994, 1780.4994, 1822.4994, 1867.9994, 1907.9994, 1939.9994, 1973.4994, 2034.9994, 2072.4994, 2129.9994, 2152.9994, 2163.9994, 2217.9994, 2234.9994]"
mw9aS1fkkCo,[]
mYF9wUzI490,"[25.3127, 135.2, 469.3945, 790.0778, 934.8202, 1039.9734, 1173.7924, 1307.4065, 1351.1635, 1443.8924, 1537.0713, 1585.2591, 1630.8801, 1688.5224, 1752.4856, 1932.7293, 1993.9322, 2017.8201, 2037.8282, 2155.5526, 2167.8888, 2272.0569, 2295.3731, 2375.1852, 2415.7386, 2484.5766, 2578.1594, 2675.0171, 2744.5209, 2773.2529, 2865.7569, 2897.7458, 2916.3088, 3270.3422, 3471.6999, 3522.884, 3609.4033, 3633.9597, 3685.4397, 3765.7556, 3820.1897]"
n4GQaRpGrhk,"[10.6156, 11.1155, 29.9508, 73.9493, 88.8272, 164.2794, 563.8014, 849.9691, 1067.4056, 1158.585, 1282.5571, 1309.8671, 1358.1238, 1454.5927, 1493.4938, 1683.4234, 1858.852, 1934.8053, 2019.2729, 2224.5054, 2359.9415, 2412.7353, 2464.0648, 2567.1313, 2612.2075, 2702.8515, 2813.2758, 2930.1105, 2988.88, 3045.0632, 3175.5882, 3420.993, 3497.3919, 3519.5373, 3621.094, 3698.7444, 3776.5599, 3888.3375, 3930.5755, 4000.622, 4047.5526, 4172.2504]"
N75gvrZfO24,"[62.1584, 172.1584, 532.5821, 793.0821, 880.4769, 980.1974, 1085.1974, 1263.1974, 1542.5262, 1650.0262, 1775.0262, 1907.0262, 2238.406]"
N96j0jOzwyQ,"[118.9252, 149.0367, 212.5367, 256.5367, 345.0367, 412.5366, 479.0366, 563.0366, 649.5366, 702.0366, 920.0366, 954.5366]"
nfi_-09Io5A,"[15.8236, 89.3236, 455.8236, 501.3236, 560.3236, 591.3235, 591.8235, 592.3235, 594.8235, 599.8235, 600.3235, 600.8235, 601.8235]"
nMMSi735VEM,"[12.1871, 100.1871, 164.1871, 176.6871, 210.6871, 237.6871, 261.1871, 279.1871, 279.6871, 280.1871, 281.6871, 282.1871, 282.6871, 283.6871, 327.687]"
NPeyJe7NP0k,"[30.511, 95.0109, 207.5109, 316.5109, 429.5109, 501.5109, 585.0109, 662.0109, 808.5109, 900.5109, 1017.5109, 1070.5109, 1341.8218, 1425.3218, 1535.8218, 1620.3217, 1679.8217, 1804.3217, 1860.8217, 1897.3217, 1923.3216, 1979.8216, 2039.3216, 2151.8216, 2173.8215, 2216.3215, 2233.8215, 2299.3215, 2424.8215, 2464.3215, 2519.8215, 2643.8215, 2674.8214, 2737.8214, 2816.3214, 2912.8214, 2952.8214, 3008.3214, 3123.8214, 3171.3214, 3213.3214, 3323.3214, 3365.3214, 3420.3214, 3451.3214, 3488.3214, 3552.3214, 3614.3214, 3685.8214, 3768.3214, 3791.369]"
NQtXvfJCtxo,"[10.5, 77.4999, 77.4999, 113.4999, 158.4999, 200.9998, 322.9997, 414.9996, 508.9996, 612.9996, 690.4996, 734.4996, 815.9996, 887.9996, 945.9996, 976.4995, 1055.4995]"
nTPBBAdTPwE,"[14.8054, 54.3053, 164.8053, 204.3053, 280.3053, 367.8053, 586.6343, 708.1343, 853.1343, 967.6343, 1139.1343, 1179.1343, 1251.6343, 1543.2993, 1652.2993]"
nWxkQQQB3qw,"[21.0744, 155.0744, 227.0744, 250.5744, 500.5744]"
o049fWhBw2A,"[35.9742, 117.9742, 679.9446, 1069.4446, 1793.4446, 3012.2013, 3159.818]"
O4QBTXeWmBc,"[14.667, 130.667, 1181.333, 1319.833, 1663.333, 1967.667, 2035.167, 2255.667, 2307.5, 2386.0, 2511.167, 2751.0, 2939.666, 3236.666, 3485.5, 4089.833, 4481.166]"
ofYlZqPttu0,"[40.1751, 158.6751, 181.6751, 275.1751, 389.2294, 433.2294, 478.2294, 679.5863, 787.0863, 911.9603]"
OhqheV6Jl3k,"[25.3236, 194.3236, 383.3235, 488.8235, 625.8235, 750.8235, 797.3235, 808.3235, 834.3235, 840.3235]"
OI02F2XEe_0,"[41.2071, 68.2071, 117.7071, 328.998, 397.998, 558.059, 695.652, 734.152, 823.652, 868.652, 947.431, 1136.992, 1240.273, 1273.773, 1306.273, 1328.773, 1381.773, 1524.273, 1646.773, 1751.773, 1807.273, 1907.773, 1941.273, 2044.773, 2051.273, 2059.773, 2145.273, 2163.773, 2224.273, 2291.273, 2311.273, 2440.273, 2456.273, 2497.015, 2772.232, 2842.2319, 2881.2319, 2893.7318, 2917.2318, 2941.7318, 2957.7318, 2972.7318, 3032.7318, 3118.2317, 3518.286, 3606.286, 3679.786, 3751.786, 3764.286, 3818.286, 3908.286, 3967.786, 4029.286, 4057.286, 4117.786, 4134.286, 4260.786, 4271.286, 4425.286, 4507.286, 4570.286, 4579.7859, 4581.7858, 4584.2858, 4584.7858, 4585.7858, 4588.53]"
oIMip90NmHI,"[32.7365, 59.2365, 146.7365, 362.7365]"
ONd9o7r2iRg,"[319.1088, 527.001]"
OQbQOdynzBs,"[24.2159, 132.7159, 188.7159, 312.7159, 354.7159, 444.2159, 570.7159, 671.7159]"
OX9gR4F9NK8,"[5.6387, 23.6386, 126.6386, 196.6386, 337.6386, 410.1386, 567.6386, 663.1386, 818.1386, 980.8373, 1055.3373, 1112.8373, 1176.3373, 1238.8373, 1287.8373, 1387.8373, 1473.3372, 1540.8372, 1547.3371, 1549.8371, 1621.8371, 1746.8371, 1842.8371]"
OYCRLL9_P-U,"[84.8895, 249.8895, 423.8895, 681.8895, 708.8895, 758.8895, 820.8895, 853.3895, 889.8895, 936.8894, 991.3894, 1025.8894, 1082.8894, 1150.8894, 1244.8893, 1328.8893, 1384.3893, 1449.8893, 1482.3892, 1499.3892, 1500.3892, 1521.8892, 1558.8892, 1599.9962, 1744.4962, 1787.4962]"
P4G8snnzQsM,"[21.8055, 64.1931, 140.5106, 213.5915, 284.3913, 340.3452, 395.3452, 449.8452, 520.3452, 554.8452, 599.8452]"
pfFrVkgguvo,"[5.5037, 60.5037, 172.5037, 297.5037, 393.0037, 452.0037, 483.0037, 612.0037, 711.5037, 754.8439, 889.2951]"
PG6ZFCYt5S4,"[8.1637, 54.3994, 205.0015, 342.0015, 410.5015, 553.5015, 616.5015, 728.2501, 901.7501, 975.25, 1071.25, 1238.25, 1366.25, 1554.25, 1725.25, 1797.25, 1833.75]"
pI54QMfexuU,"[29.5386, 47.5386, 137.0386, 169.5497, 256.2374, 425.2374, 526.5171, 666.5171, 865.6874, 1016.9119, 1225.8746, 1392.9971, 1514.4971, 1597.7535, 1668.59, 1787.0899, 1875.5899, 1913.0898, 1998.0897, 2013.0897, 2075.0897, 2141.0897, 2266.5897, 2289.5896, 2344.0896, 2455.0896, 2571.5896, 2665.5896, 2764.5896, 2807.5896, 2951.5895, 3001.5895, 3090.0894, 3137.5894, 3291.5894, 3347.5894, 3363.7402, 3393.7402]"
Pl0nGwSl1aA,"[32.3978, 107.3978, 147.3978, 262.3978, 302.8978, 365.3978, 431.3978]"
PLAMJJfZ-eo,"[82.0, 155.5, 182.0, 187.5, 273.0, 405.5, 590.0, 593.5, 613.0, 740.5, 784.0, 997.5, 1025.0, 1177.5, 1195.0, 1203.0, 1237.0, 1326.0, 1387.0, 1389.0, 1404.5, 1447.0, 1574.0, 1763.5]"
Pm8s9aqs7Ug,"[47.7059, 76.2058, 297.4871, 361.4871, 473.987, 566.4218, 684.4217, 824.3441, 877.3441, 910.8441]"
PnBGIMJeCQ0,"[15.0, 41.1935, 204.1935, 288.6935, 378.9534, 520.7512, 639.211, 716.211, 820.711, 952.711, 1028.211, 1167.711, 1285.211, 1391.211, 1503.711, 1662.711, 1791.711]"
po0Vy9N4kQ4,"[26.5, 164.5, 270.5, 356.5, 502.0, 546.0, 647.0, 738.0]"
PROYfLW3PAU,"[34.7979, 77.7979, 157.7979, 322.2979, 503.7979, 751.7979, 855.2978, 872.7978]"
PsubtLiLToU,"[11.4834, 224.9834, 289.4834, 297.9834, 353.4834, 460.4834, 548.4834, 568.9833, 575.4833, 579.4833, 755.4833, 792.4833, 800.9833, 823.9833]"
pUH2_SGnm9g,"[103.1931, 154.1931, 236.1931, 298.1931, 349.1931, 464.6931, 508.6931, 530.193, 600.193, 665.193, 687.6929, 784.1929, 836.1929, 933.1929, 1005.577, 1052.0769, 1205.0769, 1276.0769, 1349.0769, 1368.5768, 1403.5768, 1509.5768, 1579.0768, 1639.0768, 1694.5768, 1808.5768, 1832.5767, 1871.0767, 1885.5766, 1923.0766, 2005.5766, 2088.0766, 2150.5766, 2215.5766, 2283.5766, 2368.5766, 2432.0766, 2492.0766, 2594.0766, 2646.5766, 2682.0766, 2704.5766, 2776.0766, 2841.0766, 3053.146]"
pYg1tS4ZWRE,"[25.0576, 42.0576, 70.0576, 80.0576, 155.5576, 172.5576, 276.5576, 326.5576, 481.0576, 583.5575, 605.0575, 618.0575]"
Q1U1rOO6t4I,"[12.8879, 120.8879, 241.8879, 421.3879, 486.8879, 562.8878, 594.8878, 708.3878, 816.3878]"
Q7o9D2xxWVk,"[5.5666, 68.8666, 279.7129, 280.1, 297.1, 330.8333, 403.2666, 487.9, 511.7333, 609.8691]"
Q7RL_GgTCac,"[73.0679, 340.7428, 398.4164, 552.9724]"
QA-Td5Kvjqk,"[161.2649, 180.2649, 211.2649, 232.7649, 253.2648, 297.2648, 326.2648, 356.7648, 387.7647, 405.2647, 461.7647, 488.7647, 514.7647, 536.2647, 594.2647, 704.7647, 795.2647, 954.2647, 1144.2647, 1160.2646, 1250.2646, 1314.7645, 1457.7645, 1913.1051, 1932.105, 1933.105, 1985.1049, 2029.6049, 2102.6049, 2145.6049, 2182.1049, 2217.6049, 2223.1048, 2300.6048, 2423.1048, 2506.1048, 2582.6048, 2645.6048, 2719.6048, 2783.6048, 2875.6048, 2891.1047, 2962.1047, 3035.6047, 3101.6047, 3286.6046, 3728.4367, 3777.4367, 3787.4366, 3816.4366, 3919.9366, 3976.4366, 4010.4366, 4032.9365, 4067.4365, 4082.4364, 4134.9363, 4140.4363]"
qHpoMDLKGDo,"[6.0294, 39.0294, 140.5294, 248.5294, 340.5294, 360.0293]"
QhvpsBma4ac,"[14.7048, 37.7048, 181.7048, 207.2048, 326.2047, 389.0297, 439.5297, 460.0297, 525.0297, 618.5297, 669.0297, 746.354, 815.354, 894.854, 931.354, 1055.354, 1120.354, 1188.354, 1350.354, 1452.3539, 1646.8539]"
QihnP-ajxBI,"[29.9263, 127.7254, 187.9319, 242.2277, 315.4726, 380.4912, 484.6737, 525.2568, 581.7103, 623.392, 669.0577]"
QltDNMtEScY,"[5.3931, 15.6206, 67.1206, 183.1206, 281.6206, 427.6206, 463.6206, 518.6206, 549.6206, 676.6206, 858.6205]"
QPA4yLCbMw4,"[11.5, 20.0, 150.5, 229.0, 317.0, 405.0, 414.5, 490.0, 538.5, 599.0, 641.0, 692.5, 748.0, 757.0, 780.0, 781.5, 900.0, 972.5, 973.0, 1049.0, 1066.5, 1182.0, 1219.5, 1269.0, 1385.5, 1390.0, 1447.0, 1550.0, 1623.0, 1669.0, 1712.5, 1789.5, 1831.0, 1880.5, 1955.0, 1975.5, 1991.5, 1996.5, 2072.0, 2168.0, 2200.5, 2214.0, 2234.5, 2235.0, 2236.0, 2237.5, 2303.0, 2341.5, 2364.0, 2382.5, 2544.5]"
qQheZ-IxaWg,"[5.8958, 46.7023, 109.2023, 135.2023, 189.7023, 218.7023, 270.7023, 309.2023, 342.7023, 378.7023, 459.7022, 481.2022, 518.2022, 569.2022, 638.2022, 675.2022, 712.7022, 754.2022, 830.2022, 885.2022, 911.7022, 927.2021, 947.7021, 1015.2021, 1075.2021, 1105.2021, 1220.7021, 1327.7021, 1392.2021, 1441.202, 1552.6282, 1606.1282, 1627.1282, 1655.6282, 1736.3152, 1776.2639, 1815.2639, 1859.7639, 1890.7639, 1922.2639, 2002.2639, 2034.7638, 2096.2638, 2148.2638, 2176.7638, 2198.7638, 2228.7637, 2266.7637, 2304.2637, 2330.2637, 2386.2637, 2432.2636, 2462.2636, 2553.7635, 2677.2635, 2713.7635, 2738.7635, 2781.7635, 2815.7635, 2847.7634, 2875.7634, 2887.7634, 2924.7634, 2954.7634, 2972.2634]"
QTOsfhPckYo,"[34.0573, 52.0573, 75.0573, 97.0573, 145.5573, 171.5572, 212.5572, 314.6792, 565.1792, 702.6792, 782.1792, 830.6791, 869.1791, 937.6791, 995.6791, 1017.6791, 1037.1791, 1064.1791, 1094.1791, 1261.679, 1309.679, 1436.2112]"
qwIbwnxbzLU,"[41.4747, 119.4747, 240.9747, 290.9746, 339.9746, 501.3691, 575.8691, 730.3691, 806.8691, 909.3691, 966.8691, 1039.3691, 1118.3691, 1169.3691, 1553.3889]"
r6gbhR7JTMo,"[7.1431, 64.6431, 211.6431, 344.6431, 436.6431, 540.6431, 625.1431, 741.6431, 826.6431, 887.143, 965.143, 1046.643, 1105.643, 1216.143, 1317.143, 1409.1429, 1526.6429]"
reqF1EORKSg,"[10.1649, 67.1649, 228.6649, 285.1649, 370.6649, 441.6648, 579.2721]"
RH-Pe9MBDBU,"[24.5, 102.1164, 167.6164, 208.6164, 265.1164, 327.6164, 398.6164, 423.1163, 462.6163, 480.6163, 497.1163, 529.6163, 559.1163, 596.1163, 655.6163, 755.1163, 821.6163, 939.6163, 965.6163, 1015.1163, 1052.6163, 1101.1163, 1154.1163, 1229.6163, 1343.1163, 1534.1163, 1584.6163, 1835.1162, 2032.1492, 2061.1492, 2087.6492, 2103.1491, 2114.149, 2141.1489, 2163.1489, 2178.6489, 2222.1489, 2269.6489, 2289.1489, 2331.6489, 2354.1488, 2386.1488, 2394.1487, 2406.1487, 2427.1487, 2435.6487, 2455.1487, 2491.6487, 2516.1487, 2528.6486, 2642.1486, 2662.6485, 2708.1485, 2742.1485, 2776.6484, 2814.1484]"
Rj6QTrOG3hI,"[13.8995, 83.3995, 249.1037, 320.2091, 382.9049, 528.332, 616.832, 764.832, 830.332, 882.832, 918.332, 1033.832, 1155.3319, 1332.8318, 1510.3318, 1515.8317]"
rLGIrhq8HlQ,"[4.2628, 135.4078, 143.7596, 510.1726, 546.3471, 668.6419, 677.5558, 747.4449, 1088.7222, 1174.8867, 1345.3823, 1361.0589, 1389.1072, 1414.3796, 1582.8158, 1585.7979, 1758.2484, 1988.9181, 2018.4064, 2032.1341, 2056.6206, 2141.7896, 2171.1779, 2474.4386, 2521.0675, 2545.6164, 2650.424, 2699.4796, 2732.3919, 2871.7241, 2877.2849, 2975.046, 3214.4111, 3286.9763, 3344.0091, 3419.5037, 3484.4394, 3556.2718, 3612.3832, 3684.6639, 3719.8148, 3743.4307, 3750.6144, 3853.1421, 3876.602, 3893.3863, 3932.5227, 4012.6154, 4016.4005, 4038.8821, 4048.9532]"
RntXStwLA48,"[161.5673, 208.5673, 250.0672, 311.0672, 370.5672, 532.0672, 573.5672, 663.0672, 719.5671, 772.067, 847.5669, 910.5669, 976.0668, 1029.5668, 1069.5668, 1101.0668, 1167.0668, 1250.5667, 1308.5667, 1434.5667, 1458.5666, 1515.0666, 1561.0666, 1614.5665, 1717.0664, 1753.5664, 1794.5664, 1892.0664, 2012.5663, 2065.0663, 2269.612]"
rrcQfnURiyI,"[18.6962, 32.6962, 129.6962, 261.5346, 331.0346, 392.5346, 469.5346, 502.5346, 549.5346, 594.0346, 677.0346, 766.5624, 772.0623, 788.5623, 855.5623]"
rw7gzh25h9o,"[5.4399, 72.9399, 106.4399, 217.4399, 300.4399, 395.9399, 421.9399, 467.9399, 490.9399, 584.4399, 633.9399, 720.9398, 757.4398]"
rWB9PF77DL8,"[4.0, 14.5, 106.0, 133.5, 191.5, 315.5, 437.2085, 667.1768, 766.6768, 1025.8845]"
rZzyfuRETGE,"[92.0532, 110.5532, 161.5532, 330.1365, 496.1365, 941.3599, 951.3599, 996.3599, 1053.3599, 1201.8598, 1222.8598, 1528.453]"
scJH8HA8zAM,"[38.0, 80.5, 240.5, 308.5, 418.0, 629.0, 720.0, 950.0, 1077.0, 1114.5, 1219.5, 1444.5, 1592.0, 1850.5, 1876.9726]"
sf3TWeXHMOY,"[35.8385, 54.8384, 81.8383, 93.8383, 142.3383, 170.3382, 173.3381, 251.338, 433.6517, 586.2157, 724.2157, 834.2534, 838.7533, 1051.6481, 1223.1481, 1347.1737, 1445.6737, 1581.515, 1766.5149, 1834.5149, 1896.5149, 1909.0148, 2329.6513, 2334.1512, 2412.9552, 2580.9363, 2610.4363]"
SfCj6FLCGPM,"[10.5, 57.0, 226.5, 322.5, 468.0, 590.5, 682.0]"
SGnIYlqel2s,"[24.2884, 229.6626, 400.1625, 589.8599, 709.3599]"
snWs8b3k_2U,"[12.129, 26.129, 64.629, 151.129, 312.629, 348.129, 432.129, 466.129, 528.629, 601.629, 686.129, 794.629]"
Sr1nJJmi_CY,"[5.0, 89.9576, 265.4575, 301.4575, 408.4575, 621.9575, 652.4575, 705.9575, 765.4575, 861.9575, 889.9575, 1029.6257]"
SYrdGRPIGms,"[17.9029, 204.8525, 355.6742, 401.6934, 452.8632, 482.3071, 581.3041, 636.574, 705.256, 722.4558, 752.227, 821.7267, 851.2376, 962.0209, 1069.0825, 1148.2377, 1173.9926, 1238.6455, 1260.4813, 1324.9928, 1377.4166, 1410.509, 1430.7264, 1435.3171, 1539.2374, 1583.909, 1618.7359, 1642.2265, 1661.4014, 1788.6735, 1996.6007, 2061.4548, 2081.4744, 2114.6561, 2162.5628, 2190.1341, 2258.4663, 2354.207, 2488.662, 2579.5423, 2702.7935, 2714.2314, 2727.1665, 2752.1359, 2772.3979, 2829.0051, 2844.8398, 2877.5106, 3037.8094, 3159.0437, 3251.259, 3295.5992, 3320.8346, 3380.7127, 3455.4072, 3496.2769, 3527.3862, 3601.2453, 3641.9379, 3678.1886, 3714.6235, 3754.2559, 3801.0955, 3842.5884, 3869.2664, 3885.9035, 3974.2209, 3988.3432, 4056.0936, 4089.513, 4130.423, 4218.4429, 4290.2013, 4309.3991, 4396.7631, 4417.1871]"
SZFqei91R9w,"[36.2316, 41.7316, 70.2316, 105.2316, 133.2316, 192.7316, 226.2316, 255.7315, 329.7315, 384.2315, 399.2315, 503.2315, 627.7315]"
T6L_Q3TY63I,"[16.5, 68.5, 149.5, 200.0, 326.0, 404.0, 423.5, 460.0, 540.0, 557.0, 608.0, 723.0, 801.9999]"
tKcLwCPQc1U,"[25.5, 42.5, 77.5, 103.0, 119.5, 132.0, 194.0, 289.5, 491.5, 525.0, 631.0, 698.0, 808.0, 866.0, 883.0, 939.5, 1057.0, 1074.0, 1134.5, 1150.0, 1178.9999, 1189.9999, 1231.4999, 1240.9999, 1271.9999, 1395.4999, 1472.4999, 1527.4998, 1558.9998, 1597.4998, 1619.9998, 1833.9998]"
TmjD5ChdNIA,"[196.3055, 250.3054, 339.3054, 407.3054, 461.8054, 652.289, 710.289, 761.789, 852.7889, 950.2852, 1008.7852, 1061.7852, 1140.7852, 1195.7851, 1282.2851, 1356.9665, 1446.9665, 1541.4665, 1559.4665, 1625.9665, 1775.4665, 1865.7863, 1937.2863, 1964.7863, 2003.2863, 2075.2863, 2121.7863, 2251.2863, 2283.7863, 2324.2863, 2367.7863, 2431.7863, 2465.7863, 2509.2863, 2541.7863, 2574.2863, 2665.2863, 2749.2863, 2788.2863, 2833.2863, 2858.2863, 2972.7863, 3090.7863, 3163.7863, 3249.7863, 3348.7863, 3445.2863, 3518.7863, 3557.2863]"
tmXh_vj88sE,"[10.4824, 80.9824, 123.9824, 237.4824, 313.4824, 454.4823, 659.4823, 718.4823, 817.9823, 902.4823, 1268.4823, 1313.9823, 1427.9823, 1479.9823, 1901.4823, 1989.9823, 2055.4823, 2120.9823, 2340.4823, 2464.4823, 2546.9823, 2708.4823, 2897.9823, 2964.9823, 3034.9823, 3064.895]"
tn9TOa76FjE,"[108.8337, 271.3337, 304.3337, 342.3337, 361.3337, 435.3336, 496.3335]"
TucFrVQbKTg,"[8.5, 29.9999, 37.9999, 40.9999, 75.4999, 103.9999, 124.9999, 263.4482, 288.4482, 304.9482, 348.4482, 436.9482, 471.4482, 540.4482, 552.4482, 593.9482, 606.9481, 610.4481, 642.9481, 666.4481, 695.4481, 716.948, 745.448, 748.448, 776.4479, 785.4478, 817.4478, 866.9478, 951.4478, 1011.4478, 1031.9478, 1080.9478, 1120.4478, 1147.4478, 1152.9478, 1193.4478, 1230.4478, 1257.4478, 1282.4478, 1305.4477, 1380.9477, 1433.4476, 1505.4476, 1577.9475, 1584.4474, 1697.9474, 1747.4474, 1819.4474, 1847.9473, 1924.551]"
TYzW59l-nXo,"[5.7849, 23.7849, 80.2849, 163.2848, 200.7848, 229.2848, 261.7848]"
U6XA28g9tEE,"[49.8864, 119.8864, 283.3864, 339.3864, 438.3864, 553.3864, 657.3864, 809.7559, 859.2558, 864.2558, 880.2558, 1016.2558, 1016.7557, 1024.7557, 1050.2556, 1097.7556, 1104.2555, 1150.7555, 1186.2555, 1368.2555, 1425.7555, 1435.7554, 1496.7554]"
UFsr49CdfJQ,"[10.5, 126.9999, 207.4998, 293.4998, 388.4998, 427.4998, 518.9998, 569.9997, 643.4997, 788.5626, 852.5625, 958.5625]"
UjT_8kOnITE,"[10.1475, 102.8465, 190.3465, 310.9542, 348.4542, 362.9541, 381.9541, 408.4541, 455.4541, 494.4541, 508.954, 574.454, 675.954, 713.454, 750.4539, 777.4538, 832.9537, 880.9537]"
ukntjd7iOS8,"[27.8437, 73.3437, 194.8437, 288.3437, 334.3437, 404.8437, 495.3437, 683.3016, 726.3016, 928.3288, 1084.9433, 1135.9433, 1200.9433, 1305.9714, 1437.7357, 1504.883, 1576.2132, 1733.4594, 1779.4594, 2075.8423, 2270.8675, 2377.2496, 2431.7496, 2550.4101, 2581.7038, 2759.6693, 2868.5625, 2936.1559, 3040.5516, 3166.537, 3249.567, 3409.9369]"
uLz-Ur_Drk4,"[19.2658, 138.1953, 187.6953, 332.6953, 426.6953, 708.444, 774.444, 883.944, 912.9439, 914.9439, 921.4439, 1054.4006, 1143.2378, 1220.7378, 1312.4969]"
Um1IMJXZsiA,"[17.3562, 90.3562, 160.3562, 223.3562, 295.3562, 386.391]"
uM1JOFaATP4,"[132.7332, 233.7332, 303.2332, 364.7332, 397.7332, 437.7332, 458.2332, 516.2332, 565.7332, 600.7332, 691.7332, 808.7332, 982.318, 1006.818, 1025.318, 1043.8179, 1064.8179, 1082.3179, 1100.3178, 1128.8178, 1195.8178, 1246.3178, 1295.3178, 1415.8178, 1449.3177, 1543.3177, 1591.8177, 1682.3177, 1726.3176, 1780.3176, 1861.3176, 1965.8176, 2055.7905, 2107.7905, 2142.7905, 2152.7905, 2202.7905, 2358.2905, 2410.2905, 2471.7905, 2502.7905, 2587.7905, 2638.7904, 2690.2904, 2737.7903, 2809.2903, 2847.2903, 2898.2902, 2978.2902, 3036.7902, 3099.7902, 3167.7902, 3264.2901]"
uMu231idsR0,"[5.4469, 78.9469, 129.4469, 178.4469, 238.4469, 481.4469]"
uNrB2uG_9gs,"[9.5989, 124.5989, 333.5989, 414.5989, 510.5989, 623.0989, 737.5989, 862.6705, 946.1704, 1240.1467, 1291.1467, 1342.6467, 1625.4608, 1728.4607, 1921.5831, 2005.5831, 2073.5831, 2169.5831]"
UPjbNPz_WXs,"[5.1483, 52.6483, 250.1483, 268.1483, 271.6483, 309.1482, 316.6481, 333.1481, 363.1481, 392.1481, 443.1481, 463.6481, 571.1481, 632.1481]"
uS8F-qRUeMM,"[10.9065, 19.9065, 220.8356, 261.3356, 298.8356, 318.8356, 381.8356, 397.3355, 415.8355, 461.3355, 503.8355, 545.3354, 574.8354, 596.8354, 656.8354, 757.3354, 801.3354, 828.3353, 879.3353, 892.8352, 911.8351, 982.3351, 1017.835, 1042.335, 1097.835, 1126.335, 1162.8349, 1224.8348, 1249.3347, 1320.8347, 1367.3347, 1434.3347, 1490.3347, 1510.8347, 1719.3347, 1721.8346, 1743.3346, 1775.3346, 1823.8346, 1880.8346, 1898.8346, 1967.8346, 2018.8346, 2032.8345, 2036.8344, 2059.8344, 2198.3343, 2251.3342, 2358.8342, 2416.3342, 2448.8342, 2582.8341, 2653.8341, 2737.8341, 2751.834, 2817.8339, 2892.8338, 2902.3337, 2911.3336, 2934.3336, 2975.8336, 2990.3336]"
UsAgvMC5fRs,"[0.0, 39.0, 80.8, 107.3, 122.3, 141.7999, 251.7999, 321.2999, 342.2999, 363.2999, 408.2999, 519.2999, 737.7999, 760.2998, 863.7998, 898.2998, 1182.2998, 1698.1, 1979.92, 2267.3, 2522.68, 2615.7, 3015.42, 3133.2, 3140.2, 3145.7, 3172.7, 3834.64, 4066.9, 4469.4, 4531.96, 4571.92, 4789.22, 4790.72, 4791.22, 4791.72, 4793.2199, 4795.7199, 4797.2199, 4799.2199, 4870.7199]"
UwqKCd6PM8Y,"[20.0892, 52.5892, 71.0892, 140.5892, 243.0892, 284.0892, 429.5892, 489.5891, 550.0891]"
Uxv9lSQGiws,"[5.3302, 48.3302, 75.3302, 108.3302, 171.3302]"
UyCDKmvLbH4,"[353.829, 463.329, 622.329, 771.329, 982.829, 1027.829, 1088.329, 1114.829, 1232.329, 1261.829, 1303.329, 1393.829, 1455.329, 1587.829, 1652.329, 1689.829, 1741.329, 1780.829, 1840.829, 1900.829, 1940.829, 1975.329, 2023.329, 2076.829, 2135.829, 2197.329, 2340.829, 2382.329, 2573.329, 2683.829, 2775.329, 2824.329, 2947.329, 3035.329, 3084.829, 3192.329, 3243.829, 3384.3289, 3453.3289, 3473.3289, 3542.3289, 3643.8289, 3690.8289, 3770.8288, 3807.3288, 3838.8288, 3889.3288, 3960.3288, 4058.3288, 4109.8288, 4193.3288, 4250.3288, 4299.8288, 4350.3288, 4402.8288, 4459.3288, 4519.8288, 4541.8288, 4577.8288, 4693.8288, 4730.8288, 4809.3288, 4861.8288, 4999.8288, 5098.3288, 5128.8288]"
V-4SZ4f7kMc,"[7.7599, 22.523, 35.5317, 299.4666, 352.446, 393.0526, 413.1617, 544.9094, 655.4169, 774.7075, 793.3115, 833.2297, 889.7297, 1001.9062, 1063.4921, 1171.0162, 1220.5162, 1276.3104, 1375.7075, 1460.8265, 1491.6879, 1533.9239, 1550.9482, 1582.3226, 1683.065, 1806.9293, 1884.3939, 2119.9352, 2191.2218, 2326.8208, 2362.3323, 2398.7445, 2525.2779, 2544.2655, 2604.9399, 2657.0439, 2720.6152, 2756.0663, 2772.0824, 2863.6107, 2877.5234, 3016.4954, 3247.4635, 3360.4898, 3584.2667, 3612.0227]"
vA0svVty9a0,"[29.8578, 54.3578, 293.8578, 388.3578, 614.7159, 886.735, 927.735, 928.1917, 993.6917, 1038.6917, 1061.1917, 1125.6917, 1199.6917, 1221.6916, 1406.0886, 1460.0886, 1497.0886, 1525.0886, 1538.0885, 1551.0885]"
vBIEcbHTh-c,"[165.6676, 249.1676, 313.6676, 355.6676, 364.6676, 395.1676, 405.1675, 405.6675, 406.6674, 410.1674, 410.6674, 411.1674, 412.1674, 470.1674, 488.1674, 515.6674]"
VHbgjb4AV9U,"[244.309, 370.309, 430.809, 482.809, 538.309, 560.309, 609.809, 664.809, 746.309, 865.309, 970.3089, 1058.3089, 1303.3651, 1406.3651, 1454.8651, 1487.865, 1543.865, 1640.865, 1732.865, 1864.865, 1915.3649, 1959.3649, 2025.8649, 2174.3649, 2275.3649, 2414.3649, 2473.8649, 2567.3649, 2657.8649, 2735.8649, 3056.3648, 3137.8648, 3224.8647, 3316.3647, 3490.3646, 3912.8645, 3998.3644, 4029.8644, 4216.3644, 4247.3644, 4299.3644, 4369.8643, 4416.8643, 4522.3642, 4629.8642, 4723.8642, 4762.8642, 4867.9462, 4984.4461, 5020.4461, 5096.9461, 5165.4461, 5355.9461, 5445.446, 5483.946, 5515.946, 5607.946, 5636.446, 5658.946, 5719.946, 5777.446, 5874.946, 5919.946, 5932.9459, 5986.4459, 6046.4458, 6079.4458, 6128.9458, 6235.4458, 6318.9458, 6349.9458, 6383.4458, 6461.9458, 6532.4458, 6554.9458, 6631.4458, 6651.4458, 6691.4458, 6713.4458, 6799.4458, 6842.9458]"
VIq5r7mCAyw,"[74.5531, 131.5531, 159.5531, 185.0531, 240.5531, 338.5531, 396.5531, 424.0531, 478.5531, 506.0531, 597.5531, 648.5531, 801.5531, 1017.5531, 1110.0531, 1380.0531, 1432.0531, 1489.5531, 1544.5531, 1581.0531, 1779.0531, 1951.0, 2113.5, 2142.0, 2165.0, 2276.0, 2419.9999, 2515.4999, 2568.9999, 2717.4998, 2728.4998, 3082.9998, 3106.4998, 3117.9997, 3212.9997, 3225.9997, 3562.4997, 3663.9997, 3859.4997, 3996.4997, 4078.9996, 4130.9996, 4332.4996, 4352.4996, 4567.9996, 4683.9996, 4738.4996, 4752.9996, 4774.9996, 4786.4996, 4826.9996, 4873.9996, 4914.259]"
vpg6BkvwOgM,[]
Vs84cKOX06M,"[17.69, 92.19, 235.8654, 319.3653, 403.3653, 448.3653, 645.3652, 788.8652, 836.3652, 1007.8651, 1092.8651, 1204.3454]"
vT9Tj_pMOgM,"[15.3304, 60.8304, 160.3304, 264.3304, 400.3303, 422.8303, 485.3303, 543.8302, 628.8301, 674.8301, 694.33, 759.33]"
VTDQt-KO0YQ,"[8.6414, 42.1414, 145.6413, 181.1413, 247.6413]"
VZKBb_bb_uc,"[57.4082, 104.9082, 203.9082, 286.4082, 337.9082, 408.4082, 499.4456, 602.8236, 682.5841, 729.5841, 773.1253, 882.6253, 990.3222, 1047.7614]"
W0-80WT5G_s,"[21.5, 100.5, 165.5, 221.5, 316.0, 383.5, 843.5, 1249.5, 1278.5, 1557.5, 1620.5, 1733.5, 1812.9999, 1872.4999, 2102.9998, 2126.9998, 2462.9997, 2543.9997, 2722.4996, 2821.4995, 2939.9995, 3006.567]"
w9milH9QNhY,"[14.4981, 22.4981, 459.4981, 495.9981, 519.998, 522.498, 607.498, 633.498, 811.498, 843.498, 850.498, 941.498, 1022.498, 1124.498, 1164.498, 1215.998, 1287.998, 1310.998, 1323.998, 1412.998, 1470.998, 1512.498, 1570.998, 1637.998, 1833.998, 1854.998, 1915.498, 1978.498, 1990.498, 2105.498, 2148.998, 2159.998, 2272.498, 2329.998, 2344.998, 2417.498, 2472.998, 2523.998, 2603.498, 2643.998, 2712.998, 2816.998, 2873.498, 2972.498, 3091.998, 3150.998, 3182.498, 3318.498, 3319.498, 3378.498, 3392.9979, 3451.4979, 3504.9979, 3606.9979, 3663.4979, 3753.4979, 3753.9979, 3754.9979, 3818.4979, 3927.9979, 3955.9979, 4059.4979, 4155.4979, 4185.4979, 4247.4979, 4263.4979, 4374.9979, 4387.078]"
WdqJlT1h8xA,"[20.3956, 186.7915, 268.7915, 563.2914, 576.2914, 591.2914, 801.7914, 853.2914, 958.7914, 1067.2913, 1073.7912, 1085.7912, 1113.7912, 1132.7911, 1186.2911, 1247.2911, 1301.791, 1337.791, 1370.291, 1398.291, 1541.791, 1569.2909, 1599.2908, 1761.2907, 1834.7907, 1894.7907]"
wDTtl31n1m4,"[6.1662, 42.1661, 179.166, 252.166, 355.1659, 431.1659, 529.6658, 608.1657, 676.6657, 777.008, 846.008, 957.508, 1009.008, 1077.508, 1142.008, 1251.008, 1485.4687]"
WGrvg7ZuPEc,"[15.5, 15.5, 48.0, 163.609, 230.609, 331.609, 497.109, 605.109, 665.109, 725.109, 806.109, 884.109, 1056.109, 1140.609, 1267.1089, 1347.1089, 1523.5249]"
wMguKv63fWQ,"[22.3649, 45.8649, 131.8649, 247.3649, 379.3648, 448.3648, 482.8648, 579.8648, 763.4839, 889.9839, 1048.9839, 1153.9839, 1211.9839]"
Wp26KRnGfGg,"[6.5, 48.0, 171.0, 238.5, 295.5, 349.0, 425.5, 469.4999, 511.4999, 621.4999]"
WqBw1n4u4gU,"[19.8386, 262.2059, 380.2059, 539.7058, 784.7058, 847.2057, 947.2057, 1205.2057, 1331.7057, 1407.2056, 1696.2056, 1772.2056]"
wtfyOlHGeJY,"[91.6765, 169.1765, 285.1764, 344.6764, 423.6764, 477.1764, 590.1764, 687.1764, 785.1764, 792.6763, 834.1763, 925.6763, 1006.6763, 1070.1763, 1125.6762, 1130.1761, 1137.6761, 1142.6761, 1250.4048, 1297.4048, 1433.9048, 1581.1544]"
wux4X9AGOCg,"[33.7878, 90.7877, 115.2877, 237.2877, 292.2877, 340.7877, 366.2876, 402.2876, 450.2875, 455.7874, 464.7874, 560.2874, 622.2874, 659.2873, 691.2873, 816.0466, 851.5466, 874.0466, 969.0697, 1012.0697, 1035.5696, 1094.5696, 1353.0696, 1415.0695, 1429.5694, 1460.5693, 1482.5692, 1496.0692, 1511.5692, 1512.5692, 1546.5692, 1585.5692, 1639.0692]"
wV4jxJGeiMI,"[5.8133, 24.3132, 105.4279, 382.5117, 445.5116, 541.0941, 621.9781, 670.478, 725.978, 779.4779, 844.8153, 874.3153, 959.1015, 1045.1015, 1230.625, 1359.6702, 1559.0675, 1676.0675]"
wzthel3wEcw,"[5.5, 31.5, 63.5, 90.5, 113.5, 152.5, 209.5, 243.0, 326.0, 341.0, 373.0, 491.9166]"
X1rF7Iv5Q_k,"[5.5, 55.0, 245.1361, 375.105, 419.605, 461.105, 508.1049, 534.6049, 567.1049, 597.6049, 626.6049, 752.1048, 927.6048, 942.6047, 1020.6047, 1077.1047, 1166.1047, 1227.6047]"
X3wQCy5RIIw,"[23.1144, 73.6144, 111.1144, 140.1144, 157.6143, 208.1143, 263.1143, 359.6143, 399.1143, 423.6143, 449.1143, 543.1143, 633.6143, 654.1142, 955.1142, 1023.6142, 1119.6141, 1205.6141, 1264.6141]"
xcOMHwjNLaA,"[5.2546, 102.2546, 108.2545, 233.7545, 357.7545, 393.2545, 399.7545, 608.2558, 702.8572, 717.3572, 1227.3571, 1352.8571, 1445.8571, 1623.357, 1809.857, 1850.857, 1851.357, 1874.357, 1904.857, 1921.857, 1934.857, 1961.8569, 1970.8568, 1996.8567, 2441.8022, 2453.8022, 2525.3022, 2739.8022, 2784.4604, 2802.4604, 2825.9604, 2834.9603, 2930.9603, 2951.9603, 2952.9603, 2959.9603, 2963.9602, 2967.4602, 2968.9601, 2970.96, 2971.9599, 2978.9599, 3047.4599, 3094.9599, 3288.9599, 3369.4599, 3490.4598, 3536.4598, 3572.4598, 3726.4598, 3807.9597, 3822.4597, 3823.9597, 3828.4597, 3829.9597, 3848.9597, 4023.4597, 4041.9597, 4072.9597, 4080.9596, 4083.4595, 4130.9595]"
xcyUm5ZEzng,"[26.8789, 64.3789, 123.3789, 184.3788, 222.8788, 283.8788, 331.3788, 361.8788, 440.8788, 528.3788]"
xdhp4L_w2hc,"[67.9999, 220.454, 381.454, 438.454, 473.4539, 573.4539, 769.5615, 913.0615, 972.5615, 1130.5615, 1293.2357, 1353.7357, 1448.2357]"
Xee8gmppUIw,"[8.8122, 27.3121, 73.3121, 104.3121, 187.3121, 217.3121, 274.8121, 407.8121, 491.8121, 539.312, 560.312, 603.8119, 672.3119, 696.3119, 720.3119, 788.8119, 863.8119, 890.8119, 988.3119, 1054.8119, 1118.8119]"
xfB3LK3L7ac,"[14.6897, 239.6897, 528.833, 980.5, 1006.0, 1682.5, 1744.0, 1832.5, 2288.5, 2861.0, 3104.333, 3415.333, 3687.333, 4102.0, 4215.833, 4645.333, 4667.896]"
Xfx8D4v5L70,"[29.4037, 81.9037, 114.4037, 132.4037, 147.9037, 183.9037, 208.9037, 233.4036, 257.4036, 278.4036, 299.4036, 311.9035, 343.9035, 357.9035, 516.8226, 768.064, 985.5466, 1091.0466, 1225.9042, 1304.4042, 1417.4042]"
XhfoIQzCECA,"[193.6532, 282.6532, 426.99, 544.4968, 616.3035, 791.1277, 888.1277, 967.1709, 1029.1709, 1132.1709, 1212.6709, 1256.1709, 1301.1709, 1445.1709, 1544.1709, 1574.6709, 1620.6709, 1671.6709, 1742.611, 1808.611, 1880.111, 1940.111, 1994.611, 2024.111, 2065.2517, 2092.2517, 2148.4917, 2193.194, 2235.194, 2301.194, 2360.194, 2419.694, 2489.9231, 2565.4231, 2635.3888, 2721.8888, 2848.9256, 2919.0104, 3012.2449, 3057.3365, 3102.3365, 3156.8365, 3333.8365, 3398.8365, 3459.8365, 3485.8365, 3558.8365, 3665.3365, 3746.3365, 3788.8365, 4051.3365, 4092.8365, 4215.4246]"
xhJWJ2LvLdM,"[111.773, 126.773, 147.773, 217.773, 274.5709]"
xLEpnKafyX4,"[12.0, 79.5734, 160.8403, 207.0814, 259.0503, 346.3033, 408.4054, 422.7951, 618.6422]"
xnI1hm5g1K4,"[15.5566, 80.0566, 186.5084, 239.5084, 343.5044, 510.0044]"
XqzL4f6L_Fo,"[22.5622, 104.0622, 166.0622, 527.0947, 650.0947, 742.0947, 858.0947, 967.0947, 1054.5947, 1146.5947, 1396.7655, 1458.2654, 1626.189, 1753.689, 1932.1889, 2252.6889, 2434.0093]"
XV2vQEfJccE,"[13.4642, 44.9642, 119.4642, 201.9642, 239.4642, 288.9642, 345.4642, 475.9642, 529.4642, 834.4642, 862.4642]"
XVHN0izviAw,"[0.0, 7.0, 40.0, 102.3424, 238.4288, 350.6669, 443.5, 540.833, 607.167, 781.833, 831.3329, 871.442, 894.942, 995.333, 1033.833, 1108.833, 1256.833, 1312.3329, 1319.3329, 1322.3329, 1367.8329, 1432.333, 1559.167, 1644.5, 1648.9999, 1654.9999, 1671.4998, 1677.4998, 1681.4998, 1691.9998, 1743.4998, 1807.4998, 1889.4998, 1921.9998, 2039.9998, 2186.9998, 2233.9998, 2242.9998, 2307.4998, 2470.4998, 2484.9997, 2493.4997, 2502.4997, 2561.9997, 2605.4997, 2643.9997, 2797.9997, 2806.4997, 2986.4997, 3060.4997, 3113.4997, 3191.4997, 3299.4997, 3335.9997, 3342.4996, 3359.9996, 3363.4996, 3371.9996, 3528.4996, 3532.4996, 3534.4996, 3540.9996, 3570.4996, 3595.9996, 3902.4996, 3947.4996, 3947.9996, 3959.9996, 4007.4996, 4078.4996, 4111.4996, 4119.4996, 4145.4996, 4161.9996, 4173.9996, 4347.9996, 4381.9996, 4384.4996, 4387.4996, 4443.4996, 4458.9996, 4584.4996]"
y5KMF4sUHEg,"[11.7746, 180.7746, 309.2745, 469.2745, 576.2745, 701.7745, 760.7745, 879.7745, 966.7744, 1210.7744, 1417.2744, 1712.7744, 1839.2744, 2055.274, 2326.7512, 2538.7511, 2699.7511, 2787.7511, 3006.0376, 3371.4423, 3518.9444, 3735.666]"
Y9hWwxPV1bs,"[17.0, 223.3946, 379.1707, 1033.4149, 1288.9207, 1506.333, 1646.8592, 2024.6096, 2042.8405, 2180.2315, 2538.4179, 2735.5929, 2857.0929, 3678.0948, 3979.39, 4354.1847, 4490.0519, 4797.0579, 5201.0023, 5397.64, 5580.438, 5724.6097, 5942.5662, 6132.928]"
Ybv_JU0IoEM,"[76.1287, 102.6287, 163.6287, 223.1287, 301.6287, 341.6287, 359.6287, 382.1287, 403.6287, 449.6286, 470.6286, 481.6286, 508.6286, 541.1285]"
Yc0xxRAuwG0,"[14.2536, 37.2536, 74.7536, 98.7536, 133.7536, 185.2536, 316.2536, 371.2536, 400.2536]"
Yeq6LO3q4Vo,"[45.8432, 90.3432, 122.3432, 141.3432, 304.8432, 352.8431, 356.843, 365.843, 369.3429, 433.8429, 497.8429, 579.3428, 631.3428, 671.3427, 785.8427, 843.3427, 889.8427, 1062.3427, 1126.8427, 1307.8426, 1329.3426, 1492.8426, 1514.8426, 1610.8426, 1619.8425, 1757.3425, 1765.8424, 1805.8423, 1874.3423, 1918.3423, 1978.8423, 2037.3423]"
YF4nuCNbHs8,"[35.6862, 86.8277, 186.9302, 267.4302, 297.9302, 445.9301, 556.4301, 627.9301, 667.93, 716.4299, 830.655, 929.5739, 932.0738, 980.5738, 1100.5738]"
yPrwVpeysG8,"[35.4208, 377.741, 719.4014, 1344.4305, 1377.9692, 1491.3136, 1685.7307, 1789.2433, 1954.8857, 2053.92, 2084.1838, 2193.4101, 2281.7738, 2319.7738, 2474.4322, 2556.7019, 2638.1516, 2709.5981, 2745.0981, 2870.1943, 3037.6946, 3070.1946, 3106.853, 3159.276, 3182.8891, 3301.3594, 3308.05, 3316.3894, 3513.221, 3639.3844, 3765.5142, 3772.7456, 3842.9399, 3905.632, 3915.927, 3962.2678, 4057.1772, 4060.2266, 4061.7266, 4073.2266, 4084.7266, 4141.2266]"
YVlsHc5SvOs,"[19.7317, 156.7317, 199.2317, 258.2317, 371.2317, 462.7316, 494.2316, 530.7315, 625.2315, 677.2315, 726.6018, 796.1018, 865.1018, 898.1018, 928.1018, 1127.6018]"
z4x8IxQ92XQ,"[21.2866, 112.2866, 130.2866, 232.7866, 321.2866, 379.7866, 451.7866, 577.7866, 723.7865]"
z7TIYC6mfo4,"[9.3242, 53.3242, 356.8383, 744.8383, 869.3382, 880.3381, 1459.1222, 1487.6222, 1572.1222]"
zB08AVntCUc,"[10.3361, 65.8361, 136.0461, 197.0461, 277.5461, 327.5461, 428.0461, 589.5461, 631.0461, 663.5461, 723.0461, 754.0461, 779.5461]"
zdfHKXwK3Z8,"[11.0966, 102.3461, 578.4421, 927.2996, 1119.6492, 1319.0659, 1515.5066, 1624.0294, 1758.5553, 1975.6149, 2048.2129, 2134.1991, 2255.0194, 2418.8634, 2509.9632, 2931.6758]"
ZdR6aljufXk,"[4.5, 71.0, 82.5, 133.5, 285.0, 372.5, 429.0, 617.5, 632.9999, 756.9999, 917.9999, 1105.4999, 1201.9999, 1291.4999, 1307.9999, 1423.833, 1496.667, 1821.167, 1895.167, 2002.167, 2012.167, 2054.167, 2064.167, 2317.6669, 2320.1668, 2395.1668, 2423.6668, 2494.1668, 2521.1668, 2540.1667, 2583.6667, 2870.6667, 3025.1667, 3177.6667, 3183.1667, 3211.1667, 3219.1667, 3322.1667, 3380.1667, 3433.6667, 3683.166, 3910.666, 3980.166, 4049.166, 4062.666, 4173.666, 4184.666, 4299.166, 4322.666, 4432.666, 4455.166, 4463.666, 4625.666, 4641.166, 4662.166, 4669.166, 4678.166, 4712.6659, 4748.1659, 4799.6659, 4804.6659, 4813.601]"
ZGge3rNtO60,"[10.726, 26.226, 82.226, 121.226, 256.1869, 405.0117, 444.5117, 506.0117, 567.8389, 912.3715, 1012.3715, 1069.8714, 1117.3714, 1176.3714, 1250.3714, 1535.9797, 1551.4797]"
ZVYFKRBK0Tc,"[17.5479, 47.0479, 66.0479, 83.0479, 155.5479, 310.648, 370.1479, 467.6479, 490.6479, 581.6478, 768.3576, 894.3576]"
Zz3cO2MhwhQ,"[9.4853, 27.9853, 45.9853, 70.4853, 97.9853, 129.9853, 156.9853, 198.4853, 225.4853]"
ZZFVEt9de00,[]
