internal_id,video_id,video_name,timestamps
mhhqzg,_BvFr9HEiQg,Human Biology Lecture: Chapter 18- Reproduction and Development.mp4,"[24.961, 70.2913, 107.3214, 145.5609, 187.3366, 192.8236, 205.3429, 224.0745, 262.083, 380.5809, 493.1816, 515.3795, 563.1552, 596.7536, 632.3407, 677.7231, 720.4485, 741.1738, 792.9128, 811.8972, 1110.519, 1188.5773, 1236.5091, 1307.1052, 1357.3302, 1402.4769, 1551.9644, 1605.2989, 1659.4705, 1715.3827, 1769.7411, 1792.2949, 1874.8464, 1894.9419, 1902.2482, 1919.7455, 1937.0351, 1976.6208, 2061.0764, 2075.3232, 2156.3919]"
yaldqc,_e_B8rTl_rU,"Pediatric Dentistry | Developmental Disturbances of Teeth | INBDE, ADAT.mp4","[32.3223, 48.3223, 95.8223, 258.6495, 273.6494, 330.6494, 379.6494, 447.1494, 500.6493, 502.6492, 549.6492, 558.1492, 640.6492, 752.1492, 800.1491, 856.6491, 867.1491, 1053.8505, 1091.3505, 1186.1302, 1290.4699, 1420.4699, 1500.4699, 1540.4699, 1598.4699]"
znavfo,1gB90u2JOYg,Head & Neck Anatomy | Cranial Nerves | INBDE.mp4,"[19.1948, 290.0761, 361.9277, 607.3729, 684.8728, 721.3727, 749.3726, 837.3726, 961.8725, 1114.8384, 1136.8383, 1303.8977, 1336.3976, 1509.8772, 1602.3772, 1628.8771, 1652.377]"
aqqzpy,2No3_SGYWhk,"Prosthodontics | Mandibular Edentulous Anatomy | INBDE, ADAT.mp4","[19.3056, 164.3056, 249.3056, 382.3056, 490.8056, 587.8056, 724.3055, 825.8055, 1004.3055, 1076.8055]"
sdcniw,2RkiPyrUxw8,"Periodontics | Local Factors | INBDE, ADAT.mp4","[21.7656, 206.4182, 236.9182, 390.9182, 470.9182, 529.9182, 574.9182, 618.9182, 660.9182, 661.4182, 661.9182, 662.4182, 662.9181]"
mlvdvr,3Ht5yP6zXoY,Human Biology: Ch 16.3- Cardiovascular System Part 1.mp4,"[8.3906, 28.3906, 55.3906, 63.3906, 129.8906, 183.3906, 239.3906, 314.3906, 512.8906, 658.8905, 880.8905, 939.3905, 980.8905, 1085.3905, 1112.3904, 1179.3904, 1352.8904, 1445.8904, 1499.8904, 1594.3904, 1698.3904, 1806.3903, 1826.3902, 1929.8902, 1935.3902, 2022.3902, 2134.8902, 2153.8902, 2308.589]"
ufwmpg,3p1-xzfdJCA,Anatomy and Physiology Chapter 7 Part B Lecture: The Skelton.mp4,"[34.6345, 172.8143, 372.4801, 408.8358, 540.6162, 670.6417, 767.6717, 799.66, 915.429, 960.9334, 997.1781, 1031.8956, 1041.3937, 1151.5828, 1235.6291, 1289.6898, 1373.6502, 1409.447, 1472.6337, 1481.6163, 1511.7311, 1623.2534, 1794.8679, 1920.4819, 2011.5358, 2068.3363, 2117.4052, 2155.3621, 2168.7298, 2200.957, 2227.2025, 2252.3476, 2279.3145, 2280.8145, 2285.6258, 2294.4625, 2294.9625, 2295.4625, 2295.9625, 2297.4625, 2444.3303, 2461.0738, 2509.4128, 2510.9128, 2547.8833, 2691.2533, 2704.7857, 2734.9463, 2763.0267, 2811.501, 2942.4321, 3047.5591, 3100.1727, 3145.2881, 3292.0634, 3426.3799, 3604.2797, 3690.4769, 3737.8248, 3812.5615, 3935.5059, 4015.6052, 4114.5698, 4163.9039, 4195.8893]"
sktpkr,3PuuHkdJoVo,STATIC OCCLUSION - Occlusal Contacts & Picket Fence.mp4,"[16.9142, 60.4142, 84.9142, 115.9142, 251.9142, 434.4142, 451.4142]"
trlhdz,3zcuZ6U7vQA,"Oral Pathology | Hereditary Conditions | INBDE, ADAT.mp4","[63.9349, 112.2957, 169.2957, 221.7957, 267.2957, 294.7956, 329.2956, 384.2956, 404.2955, 406.7955, 416.7955, 473.7955, 583.7955, 625.7955, 649.2955, 675.2955, 676.7954, 779.2954, 813.7954, 889.2954, 953.2954, 959.7953, 965.7953, 985.2953, 1025.7953, 1042.7953, 1072.2953, 1131.2953]"
mfewuh,48z-q_9C09U,Human Biology Lecture: Chapter 7- Cellular Basis of Inheritance (Meiosis).mp4,"[28.5358, 73.5357, 97.5357, 169.0357, 304.5357, 390.5357, 447.5357, 513.0357, 581.5357, 610.0356, 621.0356, 628.0356, 676.5356, 692.0355, 727.5354, 813.0354, 821.5353, 917.0353, 963.5353, 981.0352, 1107.5352, 1241.0352, 1277.0351, 1307.535, 1326.5349, 1361.5349, 1429.0349, 1472.0349, 1500.0349, 1566.5349, 1613.5349, 1638.0349, 1689.5348, 1802.0348, 1825.0348]"
wayvbl,4P4qBBxpthg,"Lecture 5.1: Multimodal Alignment (Multimodal Machine Learning, Carnegie Mellon University).mp4","[4.5, 61.5, 204.0, 275.5, 352.5, 364.5, 422.0, 589.5, 661.0, 691.5, 819.0, 834.5, 843.5, 887.0, 992.0, 1049.0, 1108.0, 1171.0, 1187.0, 1200.5, 1230.5, 1330.0, 1362.5, 1439.5, 1568.5, 1646.5, 1786.5, 1807.0, 1884.5, 1971.5, 2058.0, 2218.0, 2327.5, 2433.0, 2446.5, 2489.5, 2527.9999, 2557.9999, 2608.4999, 2660.9999, 2736.9999, 2821.4999, 2909.9999, 3164.9999, 3208.9999, 3223.4999, 3270.9999, 3530.9999, 3620.4998, 3651.4998, 3667.9998, 3711.4998, 3729.4998, 3767.9998, 3800.4998, 3860.4998, 3972.9998, 3994.9998, 3995.9998]"
ybokqs,6U2ZTAWnVvo,"Operative Dentistry | Dental Caries | INBDE, ADAT.mp4","[51.0, 150.5, 196.5, 323.0, 551.5, 591.0, 657.5, 851.9999, 930.9999, 974.9999, 1018.4999, 1068.9999, 1181.9999, 1487.9998, 1530.9998, 1548.4998, 1560.9998, 1571.4998, 1575.4998, 1769.9998, 1911.9997, 2069.4997, 2204.9997, 2257.096]"
adwxvg,7EsHL8Sacg0,"Endodontics | Pulp Biology and Tooth Pain | INBDE, ADAT.mp4","[57.8124, 146.3124, 222.8124, 456.2916, 549.2916, 646.2916, 721.2916, 757.7916, 778.7916, 880.7916]"
ozygri,8jpO19qalIo,"Patient Management | PRACTICE QUESTIONS | INBDE, ADAT.mp4","[15.4483, 52.9483, 179.4483, 322.9483, 443.4483, 534.9483, 639.9483, 808.9483, 960.4483, 1186.4482, 1325.9482, 1452.4482, 1577.9482, 1775.4482, 1836.9482, 2109.9482, 2363.0058]"
oyxwwk,8OrCdgHcMVM,Developmental Psychology - Middle Adulthood - CH11.mp4,"[15.1468, 57.6468, 291.6306, 759.7751, 853.275, 1008.275, 1076.275, 1259.118, 1423.618, 1805.3792, 1844.3792, 1893.8792, 1955.3792]"
xxmbxs,8WPrZe83-zw,Chapter 38   Nervous System.mp4,"[65.6649, 139.3396, 231.5869, 310.2629, 355.5256, 404.9895, 493.617, 564.6886, 675.0089, 749.687, 990.2478, 1051.4747, 1093.7073, 1132.2031, 1196.7473, 1245.0472, 1322.7266, 1389.8825, 1419.1169, 1540.8021, 1571.4431, 1615.9949, 1679.7161, 1747.7496, 1848.5141, 1928.4619, 2023.9915, 2057.0439, 2173.6106, 2347.2189, 2434.2642, 2485.9238, 2583.039, 2694.3381, 2755.4115, 2915.5369, 2995.0731, 3141.8987, 3353.3935]"
lxwqhv,9GmySN5P408,Orthodontic Tooth Movement- Biomechanics- Types of Movement.mp4,"[6.3833, 7.3833, 9.0934, 10.5934, 19.0934, 52.954, 262.7644, 474.5085, 478.0131, 498.1527, 499.2739, 582.782, 585.8773, 607.8373, 615.8372, 617.3372, 619.3372, 702.8372, 729.8372, 741.8372, 746.3372, 752.8372, 768.3372, 782.3372, 884.656]"
xgsetv,ALRJCeVT0fQ,Intro to Muscular system part 2.mp4,"[245.761, 287.261, 585.261, 739.261, 774.261, 832.261, 846.761, 848.761]"
jtkszw,AMwWMcncTmQ,Anatomy and Physiology Chapter 22 Part C lecture: Respiratory System.mp4,"[7.6252, 29.0, 132.5, 172.3719, 218.5209, 225.674, 264.0258, 320.0771, 472.8831, 553.0303, 805.4177, 942.8705, 1044.7823, 1170.2444, 1244.2069, 1334.8327, 1457.358, 1518.7355, 1611.1874, 1669.2391, 1766.7201, 1823.9366, 1937.8177, 1985.5352, 2019.8046, 2090.8082, 2121.9554, 2140.6013, 2182.7758, 2285.1454, 2302.2422, 2385.2449, 2423.2449, 2445.7459, 2500.2218, 2597.9242, 2699.9624, 2746.0563, 2785.6065, 2843.3965, 2883.9431, 2912.7054, 2970.6917, 3022.2194, 3050.0735, 3066.5787, 3105.4663, 3201.6736, 3237.1941, 3317.9824, 3425.3771, 3495.1114, 3595.5869, 3637.382, 3720.872]"
oogxef,BgkDDtOztEQ,"Prosthodontics | Tooth Preparation | INBDE, ADAT.mp4","[65.8401, 198.1686, 365.6686, 603.4217, 603.9217, 607.9216, 608.4216, 609.9216, 716.4099, 863.4099, 1080.9099, 1175.9099, 1247.9098, 1310.4098, 1355.4098, 1402.9097, 1472.4097, 1525.9097]"
sgmaal,BgkDDtOztEQ,"Prosthodontics | General Considerations | INBDE, ADAT.mp4","[65.8401, 198.1686, 365.6686, 603.4217, 603.9217, 607.9216, 608.4216, 609.9216, 716.4099, 863.4099, 1080.9099, 1175.9099, 1247.9098, 1310.4098, 1355.4098, 1402.9097, 1472.4097, 1525.9097]"
jlsjyc,BgkDDtOztEQ,"Prosthodontics | Clasp Design & Selection | INBDE, ADAT.mp4","[65.8401, 198.1686, 365.6686, 603.4217, 603.9217, 607.9216, 608.4216, 609.9216, 716.4099, 863.4099, 1080.9099, 1175.9099, 1247.9098, 1310.4098, 1355.4098, 1402.9097, 1472.4097, 1525.9097]"
ulgywi,BgkDDtOztEQ,"Prosthodontics | Mechanical Properties | INBDE, ADAT.mp4","[65.8401, 198.1686, 365.6686, 603.4217, 603.9217, 607.9216, 608.4216, 609.9216, 716.4099, 863.4099, 1080.9099, 1175.9099, 1247.9098, 1310.4098, 1355.4098, 1402.9097, 1472.4097, 1525.9097]"
apivsf,BxHmsb1Gnyg,"Oral Radiology | Types of Radiographs | INBDE, ADAT.mp4","[14.0667, 136.0667, 263.5667, 488.8692, 573.8692, 754.3692, 833.8692, 1013.3692, 1097.3692, 1299.3692, 1450.3692]"
bqzprh,C7cDbkQ4KQs,Anatomy and Physiology Chapter 13 Part D  lecture: Peripheral Nervous System.mp4,"[27.5, 178.5, 309.5, 458.5, 669.5, 670.5, 738.0, 878.0, 928.5, 965.5, 1025.5, 1083.0, 1184.0, 1229.5, 1311.0, 1355.0, 1571.5, 1740.5, 1845.5, 1916.0, 2015.0, 2058.5, 2089.5, 2188.5, 2252.5, 2315.0, 2316.0, 2387.5, 2433.5, 2486.5, 2555.5, 2598.5, 2661.0, 2689.5, 2730.0, 2756.5, 2840.0, 2961.5, 3027.0, 3042.5, 3084.0, 3185.0, 3258.5, 3349.0, 3436.5, 3477.0, 3571.0, 3617.5]"
yysaqx,Ca0GC0Ph43k,"Oral Surgery | PRACTICE QUESTIONS | INBDE, ADAT.mp4","[14.0, 53.5, 171.5, 186.5, 266.5, 269.5, 328.0, 335.5, 469.5, 478.0, 550.0, 554.0, 655.5, 675.5, 823.5, 827.0, 901.0, 904.5, 963.5, 973.0, 1044.5, 1048.0, 1128.5, 1140.5, 1203.5, 1206.5, 1322.5, 1324.5, 1504.0, 1506.0, 1675.5, 1717.5]"
xfzngr,CmION0EvzLc,"Patient Management | Public Health & Epidemiology | INBDE, ADAT.mp4","[9.9992, 41.4992, 88.9992, 199.9992, 273.4991, 371.9991, 411.4991, 448.9991, 511.4991, 544.4991]"
wnhdmj,cqoOAz8i6nI,Head & Neck Anatomy | Muscles of Facial Expression | INBDE.mp4,"[10.97, 63.97, 68.97, 120.97, 136.47, 152.47, 194.97, 215.47, 265.47, 285.47, 310.97, 322.47, 358.47, 386.97, 407.47, 420.47, 456.97, 495.47, 505.47, 514.9699, 522.4699, 580.4699, 589.9699]"
qzxibg,cwqr460lHLw,"Prosthodontics | Provisional Crowns | INBDE, ADAT.mp4","[13.4354, 74.4354, 150.9354, 183.9353, 258.4353, 391.9353, 509.9353, 618.4353]"
afsikc,D3uYW0jEsGs,"Oral Surgery | Orofacial Pain | INBDE, ADAT.mp4","[10.2764, 87.7764, 177.7764, 265.7764, 281.2764, 287.7764, 307.7764, 483.2763, 605.2763, 662.7763, 700.2763, 790.2763, 809.2763, 820.2763]"
afsikc,D3uYW0jEsGs,"Oral Surgery | Orofacial Pain | INBDE, ADAT.mp4","[10.2764, 87.7764, 177.7764, 265.7764, 281.2764, 287.7764, 307.7764, 483.2763, 605.2763, 662.7763, 700.2763, 790.2763, 809.2763, 820.2763]"
vvywdg,dC93OcrNX6c,Chapter 35   Innate Immunity.mp4,"[110.3333, 206.1666, 266.1666, 397.1666, 415.1665, 476.8333, 574.6666, 651.1666, 693.8333, 772.5, 831.1666, 933.8333, 1019.1666, 1082.7095, 1193.4999, 1305.3333, 1357.6666, 1584.3535, 1651.5]"
npurai,dDPcUO41nkE,Chapter 36   Animal Development.mp4,"[162.5, 332.5, 461.0, 562.0, 590.5, 614.0, 631.5, 650.0, 748.5, 829.5, 915.0, 1039.0, 1110.0, 1111.5, 1162.5, 1202.5, 1270.5, 1375.5, 1516.0, 1601.5, 1712.0, 1915.0, 2011.0, 2085.0, 2127.0, 2208.5, 2345.5, 2471.0]"
txxahm,djcV5ja7wv4,Chapter 34   Respiratory System.mp4,"[84.3845, 161.5501, 233.9601, 338.8399, 432.3407, 465.3974, 503.0015, 636.4956, 708.2623, 796.0186, 849.6964, 940.687, 1072.4568, 1204.4976, 1440.9967, 1485.6517, 1564.3711, 1678.7472, 1721.7262, 1804.8137, 1843.8087, 2008.3619, 2041.1126, 2109.4867, 2155.0047, 2249.6559, 2328.7831, 2375.173, 2470.1172, 2531.7202, 2621.0656, 2698.7983, 2810.0379]"
dxeqwb,DM4MWxnXOzM,Endocrine System - Pituitary Gland THE MASTER GLAND.mp4,"[166.6247, 202.06, 391.5, 443.32, 693.2, 844.1799, 1092.06, 1185.72, 1302.3599, 1481.68, 1554.8599, 1653.64, 1701.84, 1770.28, 1844.7, 1970.58, 2035.64, 2107.7, 2134.92, 2214.34, 2267.04, 2295.76, 2325.98, 2390.42]"
wdvnza,E_3gxQWaCoQ,"Lecture 2.2: Basic Concepts - Optimization (Multimodal Machine Learning, Carnegie Mellon University).mp4","[9.0671, 50.0671, 172.1459, 175.6459, 227.6459, 322.1459, 390.6459, 486.1458, 548.1458, 598.1458, 609.1457, 611.6457, 648.1457, 715.6457, 798.6456, 1026.6456, 1157.1456, 1162.6456, 1354.1455, 1488.6455, 1600.6455, 1658.6455, 1740.6454, 1844.6454, 1846.1454, 1846.1454, 1905.6453, 1926.1453, 1937.1453, 1958.6453, 1977.6453, 1999.1453, 2014.6453, 2034.6453, 2056.6452, 2088.6452, 2104.1452, 2138.6452, 2205.6451, 2261.6451, 2318.645, 2332.6449, 2400.6449, 2437.6448, 2488.1448, 2516.1448, 2535.1448, 2548.6448, 2684.1448, 2723.6448, 2728.1447, 2731.1447, 2890.1447, 2892.1446, 2921.958]"
ruquuc,EF-YTC5yHi0,Head & Neck Anatomy | Salivary Glands | INBDE.mp4,"[10.1673, 137.6673, 296.6673, 408.6673, 455.6673, 616.1672, 718.6672]"
obwxrn,EHzEbKDgeRU,"Oral Pathology | Mucosal Malignant Lesions | INBDE, ADAT.mp4","[5.1985, 65.6985, 117.1985, 166.1985, 217.6985, 294.1985]"
xtlxph,Ewj3Wf9D4zw,Head & Neck Anatomy | Triangles of the Neck & Neck Muscles | INBDE.mp4,"[11.1691, 50.6691, 235.1691, 291.6691, 352.6691, 395.6691, 409.1691, 445.6691, 489.1691, 516.6691, 554.1691, 572.1691, 612.1691, 632.169, 648.169, 691.169, 714.6689, 726.1689]"
vtktbw,FEh0PRkiRgg,Human Anatomy Lecture  Ch 20 Blood Vessels Pt 1.mp4,"[32.0, 71.0, 103.5, 160.5, 299.5, 330.0, 379.5, 415.0, 479.0, 515.5, 544.5, 566.0, 637.0, 648.5, 674.0, 703.0, 746.5, 771.0, 791.0, 818.5, 847.5, 894.0, 923.0, 1031.0, 1072.5, 1118.5, 1155.5, 1207.5, 1211.5, 1240.5, 1275.5, 1295.0, 1364.5, 1458.0, 1510.0, 1531.5, 1616.0, 1753.0, 1868.5, 1915.5, 1973.0, 2035.5, 2092.5, 2113.0, 2160.0, 2186.5, 2203.5, 2239.5, 2300.0, 2339.5, 2373.0, 2456.5, 2521.5, 2573.5, 2601.0, 2647.0, 2668.5, 2724.0, 2757.0, 2836.0, 2849.0, 2873.5, 3039.5, 3065.0]"
kaitxy,FnMYvGkk_YE,Human Anatomy Lecture  Ch 18 Blood.mp4,"[8.0, 98.0, 232.5, 304.5, 363.0, 393.0, 487.5, 681.5, 712.5, 768.0, 848.5, 913.4999, 1167.9998, 1344.4998, 1425.9998, 1600.4998, 1614.9998, 1632.4998, 1746.4998, 1798.9998, 1888.9998, 2014.4998, 2209.9998, 2241.074]"
pssllz,g1JIbOMWBBM,Chapter 27   The Rise of the Invertebrate Animals.mp4,"[84.0049, 175.8318, 298.9767, 406.3783, 500.8478, 553.1188, 634.5058, 682.6654, 743.662, 900.8279, 970.1659, 988.3802, 1037.6377, 1082.0736, 1138.4286, 1172.1108, 1259.6699, 1309.3498, 1346.6581, 1408.6297, 1432.8953, 1569.0552, 1608.1998, 1643.675, 1741.1466, 1796.9585, 1825.2919, 1936.5262, 2063.1945, 2098.2941, 2152.4658, 2178.5124, 2249.718, 2316.1084, 2366.2194, 2427.1446, 2538.1583, 2585.3091, 2631.6253, 2676.7309, 2725.7019, 2740.0546, 2788.8875, 2841.5857, 2875.168, 2942.0887, 2989.782, 3060.5336, 3101.2213, 3150.367, 3231.8819, 3306.3493]"
tabwoi,GIAhrwnk79Y,Histology- Taste Buds and Lingual Papillae.mp4,"[11.1824, 94.1824, 154.6824, 164.6824, 204.1824, 292.6824, 385.6824, 408.1824, 430.6824, 460.1824, 507.6824, 652.1824, 670.6824, 683.1824, 727.1824]"
yecmvl,gMKsubigjN0,"Orthodontics | Comprehensive Treatment & Appliances | INBDE, ADAT.mp4","[20.1075, 88.1075, 160.1075, 196.6075, 263.1075, 295.1074, 330.6074, 396.6074, 446.1073, 489.6073, 557.1072, 596.1072, 694.6072, 750.6072, 852.1072, 871.1071, 963.6071, 1023.1071, 1041.107, 1150.107, 1209.607, 1268.607, 1354.607, 1400.607, 1453.107, 1462.107, 1521.107, 1556.107, 1562.607, 1610.107, 1667.607, 1677.6069, 1725.1069, 1837.1069, 1953.1069, 2006.1069, 2072.6069]"
kdcdle,gvhMDfQc58c,Human Anatomy Lecture  Ch 10 Skeletal Muscle Tissue.mp4,"[5.3069, 32.3069, 60.8069, 100.3069, 138.8069, 167.8069, 194.3069, 220.8069, 275.8068, 356.8068, 372.8068, 460.8068, 491.3068, 560.3068, 584.3068, 637.3068, 735.3067, 776.8067, 825.3067, 923.3067, 957.3067, 1008.8066, 1042.8066, 1066.3066, 1137.3066, 1257.3066, 1278.3066, 1393.8066, 1430.3066, 1459.3066, 1531.3066, 1594.3065, 1651.8065, 1719.8065, 1735.8065, 1769.3065, 1791.8065, 1852.8065, 1913.3065, 1999.8064, 2067.3064, 2176.3064, 2209.3063, 2283.8063, 2333.8063, 2403.8063, 2444.3063, 2513.8063, 2557.3063, 2599.3063, 2643.8063, 2696.3063, 2743.8063, 2811.3062, 2853.3062, 2884.8062, 2931.3062, 2954.3062, 2987.8062, 3014.3062, 3045.8062]"
eqcnrd,Hb1b3YPHiTE,"Orthodontics | Growth & Development | INBDE, ADAT.mp4","[48.1861, 125.6861, 201.6861, 373.5775, 464.0775, 505.0774, 511.5773, 514.0773, 514.5773, 515.5773, 643.9064, 701.9064, 958.6603, 1147.1603, 1170.6602, 1258.6601, 1275.66, 1283.1599, 1376.1599, 1469.6599, 1556.1599, 1623.6599, 1630.6598, 1664.1598, 1747.1598, 1818.6598, 1873.6598]"
plllkw,hgk8-2Fweb8,"Patient Management | Materials & Equipment Safety | INBDE, ADAT.mp4","[18.5, 53.3957, 148.3957, 275.3957, 359.8957, 433.8957, 474.8957, 655.3956, 745.3956, 857.8956, 899.3956, 1064.3956, 1180.3955, 1238.8955, 1332.8955, 1416.1725, 1507.6725]"
xiietr,hgk8-2Fweb8,"Patient Management | Infection Control | INBDE, ADAT.mp4","[18.5, 53.3957, 148.3957, 275.3957, 359.8957, 433.8957, 474.8957, 655.3956, 745.3956, 857.8956, 899.3956, 1064.3956, 1180.3955, 1238.8955, 1332.8955, 1416.1725, 1507.6725]"
zgpqgn,hmgVyFP9A9Y,Developmental Psychology - Cognitive - Young Adulthood - CH10.mp4,"[8.5, 96.5, 323.0, 395.4999, 473.9999, 541.7851, 624.2851, 683.7851, 843.2851, 1012.2851, 1181.7851, 1303.2851, 1352.7851, 1390.7851, 1570.9704]"
zrkmxn,hOT3-eQ78ug,Developmental Psychology - Middle Adulthood - Biosychosocial - CH13.mp4,"[14.8393, 70.8393, 124.8393, 166.3393, 219.8392, 272.3391, 317.8391, 392.3391, 461.3391, 492.3391, 599.7363, 666.065, 873.9047, 952.9047, 1043.4046, 1102.4046]"
olaqxj,hPmpU72Cgsg,Head & Neck Anatomy | Pharynx & Larynx Muscles | INBDE.mp4,"[10.1926, 43.6926, 145.1926, 219.1926, 264.1926, 292.6925, 351.6925, 385.1925, 386.6924, 395.1924]"
vhghaj,i2rMu91EFuI,Oral Medicine | INR & Bleeding | INBDE.mp4,"[18.3362, 77.3362, 175.8362, 244.3362, 268.8361, 313.8361, 341.8361, 409.8361, 517.8361, 602.836, 732.8202, 742.3201, 774.8201, 1077.3884, 1203.3884, 1209.3883, 1283.8883, 1422.8882, 1557.3882, 1558.8882, 1563.3881, 1569.3881, 1839.3881, 1885.388]"
iqntxc,IIfeX44RI9k,Chapter 3 Part B Cells Anatomy & Physiology Lecture.mp4,"[25.4677, 100.0046, 150.0046, 174.0045, 197.5045, 231.5045, 301.5044, 321.5044, 484.5044, 550.0044, 641.0044, 663.5043, 708.5042, 747.5042, 882.0042, 944.5042, 999.5041, 1058.0041, 1083.5041, 1149.004, 1231.5039, 1342.7545, 1368.2544, 1448.2543, 1526.2543, 1569.7543, 1625.7542, 1669.7542]"
gmyvcu,IRxyWfmXLXA,"Orthodontics | Early Treatment | INBDE, ADAT.mp4","[8.9632, 91.9632, 228.4631, 312.9631, 358.4631, 467.6669, 511.1669, 631.6669, 681.1669, 823.6669]"
dlfoyw,IRxyWfmXLXA,"Orthodontics | Diagnosis & Treatment Planning | INBDE, ADAT.mp4","[8.9632, 91.9632, 228.4631, 312.9631, 358.4631, 467.6669, 511.1669, 631.6669, 681.1669, 823.6669]"
sosjvp,is-Gs4rdLHk,Human Anatomy Lecture  Ch 9 Joints Pt 1.mp4,"[13.3645, 36.4098, 81.1531, 102.0849, 270.4745, 290.6917, 318.5777, 374.9995, 389.4957, 430.7928, 458.7358, 475.6272, 505.8798, 549.7175, 576.8008, 610.1141, 645.3162, 686.9177, 722.3995, 748.98, 762.1211, 781.6932, 826.8514, 857.9717, 899.8317, 925.7894, 969.0547, 975.8535, 978.3535, 1007.2288, 1035.3343, 1055.1902, 1072.8762, 1092.789, 1116.5298, 1157.6129, 1233.0174, 1267.831, 1286.1018, 1302.2025, 1319.9692, 1330.6831, 1355.8644, 1382.7857, 1408.4815, 1429.5789, 1437.6613, 1450.0068, 1460.771, 1480.8351, 1505.3681, 1548.3106, 1570.1078, 1596.9942, 1657.6505, 1687.946, 1721.9666, 1758.984, 1783.2841, 1817.678, 1853.1188, 1902.7389, 1903.4976, 1946.733, 1975.8552, 2013.2608, 2030.7514, 2049.1528, 2075.157, 2094.0074, 2122.8367, 2146.4948, 2167.4766, 2192.7736, 2205.1187, 2294.7889, 2342.2561, 2371.111, 2400.1164, 2412.1468, 2461.572, 2489.053, 2508.8047, 2572.9876, 2600.2699, 2634.9763, 2650.186, 2685.5827, 2730.1579, 2749.3726, 2766.1552, 2806.4672, 2847.7516, 2875.5705, 2912.568, 2925.6238, 2981.5369, 3020.0589, 3079.7741, 3107.7187, 3151.8089, 3201.2853, 3247.4312, 3285.1861, 3354.1803, 3371.0256, 3395.823, 3418.3209]"
cxqeox,j0VTYFUMW_M,Evidence-Based Dentistry Part 2.mp4,"[6.975, 36.475, 36.975, 61.475, 164.975, 216.475, 291.975, 424.475, 454.475, 469.9749, 483.9749, 559.9749, 608.9749, 619.9749, 639.9749]"
vqesbr,j0VTYFUMW_M,Evidence-Based Dentistry Part 2.mp4,"[6.975, 36.475, 36.975, 61.475, 164.975, 216.475, 291.975, 424.475, 454.475, 469.9749, 483.9749, 559.9749, 608.9749, 619.9749, 639.9749]"
qrxowj,j0VTYFUMW_M,Evidence-Based Dentistry Part 2.mp4,"[6.975, 36.475, 36.975, 61.475, 164.975, 216.475, 291.975, 424.475, 454.475, 469.9749, 483.9749, 559.9749, 608.9749, 619.9749, 639.9749]"
pldnrz,j0VTYFUMW_M,Evidence-Based Dentistry Part 2.mp4,"[6.975, 36.475, 36.975, 61.475, 164.975, 216.475, 291.975, 424.475, 454.475, 469.9749, 483.9749, 559.9749, 608.9749, 619.9749, 639.9749]"
srmqde,j0VTYFUMW_M,Evidence-Based Dentistry Part 2.mp4,"[6.975, 36.475, 36.975, 61.475, 164.975, 216.475, 291.975, 424.475, 454.475, 469.9749, 483.9749, 559.9749, 608.9749, 619.9749, 639.9749]"
srmqde,j0VTYFUMW_M,Evidence-Based Dentistry Part 2.mp4,"[6.975, 36.475, 36.975, 61.475, 164.975, 216.475, 291.975, 424.475, 454.475, 469.9749, 483.9749, 559.9749, 608.9749, 619.9749, 639.9749]"
aryrsb,j0VTYFUMW_M,Evidence-Based Dentistry Part 2.mp4,"[6.975, 36.475, 36.975, 61.475, 164.975, 216.475, 291.975, 424.475, 454.475, 469.9749, 483.9749, 559.9749, 608.9749, 619.9749, 639.9749]"
aryrsb,j0VTYFUMW_M,Evidence-Based Dentistry Part 2.mp4,"[6.975, 36.475, 36.975, 61.475, 164.975, 216.475, 291.975, 424.475, 454.475, 469.9749, 483.9749, 559.9749, 608.9749, 619.9749, 639.9749]"
menozr,Jz_A_b0HYWk,Anatomy & Physiology Chapter 11 Part B: Nervous System and Nervous Tissue Lecture.mp4,"[25.1249, 42.6249, 71.5846, 102.5845, 128.5845, 161.0845, 244.5845, 252.5844, 314.0844, 337.5844, 358.0844, 387.5843, 398.0843, 419.0843, 458.5843, 474.5843, 536.0843, 607.6506, 695.1506, 1245.9348, 1281.9347, 1334.4347, 1393.9347, 1445.9347, 1461.9346, 1468.4345, 1481.4345, 1519.9345, 1565.9345, 1617.4345, 1692.9344, 1705.4344, 1764.9344, 1784.9344, 1825.9344, 1843.4344, 1871.4344, 1916.9344, 1942.4344, 1973.4344, 2110.9344, 2120.4344, 2147.4344, 2205.4344, 2243.4344, 2269.4343, 2338.9343, 2424.4342, 2520.9342, 2698.4342, 2718.9341, 2802.4341, 2842.9341, 2869.9341, 3134.9341, 3182.9341, 3289.9341, 3320.934, 3399.9339, 3449.9339, 3464.9338, 3491.4338, 3516.4338, 3542.9338, 3569.4338, 3602.4338]"
czeswe,jzqBKHRJLWE,Saliva and the Stephan Curve.mp4,"[15.0656, 112.0656, 174.0656, 233.5656, 278.5656, 280.0656, 370.5656, 436.0656, 483.5656, 570.5656]"
yhiddy,KDVP_WAIUXs,Orthodontic Treatment Pt.  1.mp4,"[42.5587, 90.5587, 118.5587, 208.5586, 208.5586, 252.5586, 254.5586, 309.5586, 329.5586, 338.5585, 448.5585, 534.0585, 623.0585, 697.5585, 756.5585, 762.5585, 764.0585, 765.0585, 765.5585, 766.0585, 766.5585, 770.0585, 770.5585, 771.0585, 772.5585, 774.5585, 775.0585, 788.0585, 811.0585, 813.0585, 815.5585]"
htvpfe,KjkOGTYtCs0,Orthodontic Tooth Movement- Biomechanics- Duration.mp4,"[3.5, 9.5, 80.0, 321.5, 352.308]"
cftulg,klcJZEHK_q8,"Operative Dentistry | PRACTICE QUESTIONS | INBDE, ADAT.mp4","[8.4503, 39.9503, 143.9007, 260.9007, 359.9007, 587.3194, 668.9369, 760.9369, 828.4369, 977.4369, 1061.9369, 1115.9369, 1204.9369, 1279.4369, 1367.9369, 1512.9369, 1682.4368]"
cruilc,lIKsYXHp0lU,"Patient Management | Anxiety & Pain Control | INBDE, ADAT.mp4","[42.0099, 132.5099, 222.5099, 269.0099, 392.7475, 526.2475, 666.2474, 737.7474, 855.7474, 922.2474, 957.2474, 1010.7474]"
aqeiwr,M4l0Vr-gR7o,"Oral Pathology | Connective Tissue Malignant Tumors | INBDE, ADAT.mp4","[5.4697, 43.9697, 83.4697, 101.4696, 157.4696, 212.4696]"
sdipnw,mGfgKADpNS0,Perceptual Ability Test | Top Front End | DAT.mp4,"[92.36, 111.86, 180.86, 191.3599, 266.8599, 406.8599, 496.3599, 623.8599, 947.1946, 957.1946, 1030.1946, 1045.1946, 1315.2134, 1344.2133, 1407.7133, 1447.2133, 1453.2132, 1458.7132, 1499.2132, 1706.7132, 1750.7132]"
ijifjf,MGwlw0iIDRE,"Prosthodontics | PRACTICE QUESTIONS | INBDE, ADAT.mp4","[7.455, 52.455, 134.955, 201.955, 259.455, 403.955, 602.955, 713.955, 779.955, 864.955, 905.455, 977.455, 1110.455, 1175.455, 1208.955, 1361.955, 1495.455]"
tpfibt,mjmaykudgyA,"Prosthodontics | Denture Processing & Materials | INBDE, ADAT.mp4","[11.4859, 94.4859, 157.4859, 218.4859, 251.4858, 314.4858, 334.4858, 351.4858, 366.4858, 385.9858, 461.4858, 532.4858]"
hhboxg,MLmLr0KW3f0,Oral Medicine | Diabetes | INBDE.mp4,"[13.9837, 126.4837, 212.9837, 298.9837, 402.9837, 525.9837, 781.2895, 871.2895, 1162.2895, 1312.7895, 1401.2895, 1681.7895, 1739.7895, 1833.7895]"
iyyoht,MLmLr0KW3f0,Oral Medicine | CPR | INBDE.mp4,"[13.9837, 126.4837, 212.9837, 298.9837, 402.9837, 525.9837, 781.2895, 871.2895, 1162.2895, 1312.7895, 1401.2895, 1681.7895, 1739.7895, 1833.7895]"
rgqydw,N96j0jOzwyQ,Perceptual Ability Test | Angle Ranking | DAT.mp4,"[118.9252, 149.0367, 212.5367, 256.5367, 345.0367, 412.5366, 479.0366, 563.0366, 649.5366, 702.0366, 920.0366, 954.5366]"
bmqioa,nMMSi735VEM,"Prosthodontics | Metal Alloys | INBDE, ADAT.mp4","[12.1871, 100.1871, 164.1871, 176.6871, 210.6871, 237.6871, 261.1871, 279.1871, 279.6871, 280.1871, 281.6871, 282.1871, 282.6871, 283.6871, 327.687]"
oxratx,NQtXvfJCtxo,Head & Neck Anatomy | Foramina of the Skull | INBDE.mp4,"[10.5, 77.4999, 77.4999, 113.4999, 158.4999, 200.9998, 322.9997, 414.9996, 508.9996, 612.9996, 690.4996, 734.4996, 815.9996, 887.9996, 945.9996, 976.4995, 1055.4995]"
cyqohz,NQtXvfJCtxo,Head & Neck Anatomy | Bones of the Skull | INBDE.mp4,"[10.5, 77.4999, 77.4999, 113.4999, 158.4999, 200.9998, 322.9997, 414.9996, 508.9996, 612.9996, 690.4996, 734.4996, 815.9996, 887.9996, 945.9996, 976.4995, 1055.4995]"
djwahz,OhqheV6Jl3k,"Prosthodontics | Maxillary Edentulous Anatomy | INBDE, ADAT.mp4","[25.3236, 194.3236, 383.3235, 488.8235, 625.8235, 750.8235, 797.3235, 808.3235, 834.3235, 840.3235]"
rjgctw,OX9gR4F9NK8,Orthodontic Tooth Movement- Mechanics.mp4,"[5.6387, 23.6386, 126.6386, 196.6386, 337.6386, 410.1386, 567.6386, 663.1386, 818.1386, 980.8373, 1055.3373, 1112.8373, 1176.3373, 1238.8373, 1287.8373, 1387.8373, 1473.3372, 1540.8372, 1547.3371, 1549.8371, 1621.8371, 1746.8371, 1842.8371]"
eupjay,OYCRLL9_P-U,Human Anatomy Lecture  Ch 19 The Heart Pt 2.mp4,"[84.8895, 249.8895, 423.8895, 681.8895, 708.8895, 758.8895, 820.8895, 853.3895, 889.8895, 936.8894, 991.3894, 1025.8894, 1082.8894, 1150.8894, 1244.8893, 1328.8893, 1384.3893, 1449.8893, 1482.3892, 1499.3892, 1500.3892, 1521.8892, 1558.8892, 1599.9962, 1744.4962, 1787.4962]"
meatkb,pI54QMfexuU,Three Stages of the Writing Process|Essay Writing and Presentation skills in Hindi Urdu ENG406 4.mp4,"[29.5386, 47.5386, 137.0386, 169.5497, 256.2374, 425.2374, 526.5171, 666.5171, 865.6874, 1016.9119, 1225.8746, 1392.9971, 1514.4971, 1597.7535, 1668.59, 1787.0899, 1875.5899, 1913.0898, 1998.0897, 2013.0897, 2075.0897, 2141.0897, 2266.5897, 2289.5896, 2344.0896, 2455.0896, 2571.5896, 2665.5896, 2764.5896, 2807.5896, 2951.5895, 3001.5895, 3090.0894, 3137.5894, 3291.5894, 3347.5894, 3363.7402, 3393.7402]"
hydixc,Pl0nGwSl1aA,"Periodontics | Prevention & Maintenance | INBDE, ADAT.mp4","[32.3978, 107.3978, 147.3978, 262.3978, 302.8978, 365.3978, 431.3978]"
ubqley,PLAMJJfZ-eo,"Pediatric Dentistry | Primary Tooth Treatment | INBDE, ADAT.mp4","[82.0, 155.5, 182.0, 187.5, 273.0, 405.5, 590.0, 593.5, 613.0, 740.5, 784.0, 997.5, 1025.0, 1177.5, 1195.0, 1203.0, 1237.0, 1326.0, 1387.0, 1389.0, 1404.5, 1447.0, 1574.0, 1763.5]"
msskhv,PLAMJJfZ-eo,"Pediatric Dentistry | Primary Tooth Anatomy | INBDE, ADAT.mp4","[82.0, 155.5, 182.0, 187.5, 273.0, 405.5, 590.0, 593.5, 613.0, 740.5, 784.0, 997.5, 1025.0, 1177.5, 1195.0, 1203.0, 1237.0, 1326.0, 1387.0, 1389.0, 1404.5, 1447.0, 1574.0, 1763.5]"
fcxvmr,PLAMJJfZ-eo,"Pediatric Dentistry | Tooth Development and Eruption | INBDE, ADAT.mp4","[82.0, 155.5, 182.0, 187.5, 273.0, 405.5, 590.0, 593.5, 613.0, 740.5, 784.0, 997.5, 1025.0, 1177.5, 1195.0, 1203.0, 1237.0, 1326.0, 1387.0, 1389.0, 1404.5, 1447.0, 1574.0, 1763.5]"
pdddxw,PnBGIMJeCQ0,"Orthodontics | PRACTICE QUESTIONS | INBDE, ADAT.mp4","[15.0, 41.1935, 204.1935, 288.6935, 378.9534, 520.7512, 639.211, 716.211, 820.711, 952.711, 1028.211, 1167.711, 1285.211, 1391.211, 1503.711, 1662.711, 1791.711]"
fxddqo,Q1U1rOO6t4I,"Oral Surgery | Trauma & Orthognathic Surgery | INBDE, ADAT.mp4","[12.8879, 120.8879, 241.8879, 421.3879, 486.8879, 562.8878, 594.8878, 708.3878, 816.3878]"
lhopxd,QihnP-ajxBI,"Prosthodontics | Support, Stability, & Retention | INBDE, ADAT.mp4","[29.9263, 127.7254, 187.9319, 242.2277, 315.4726, 380.4912, 484.6737, 525.2568, 581.7103, 623.392, 669.0577]"
lhwemu,qQheZ-IxaWg,Human Anatomy Lecture  Ch 6 Bones.mp4,"[5.8958, 46.7023, 109.2023, 135.2023, 189.7023, 218.7023, 270.7023, 309.2023, 342.7023, 378.7023, 459.7022, 481.2022, 518.2022, 569.2022, 638.2022, 675.2022, 712.7022, 754.2022, 830.2022, 885.2022, 911.7022, 927.2021, 947.7021, 1015.2021, 1075.2021, 1105.2021, 1220.7021, 1327.7021, 1392.2021, 1441.202, 1552.6282, 1606.1282, 1627.1282, 1655.6282, 1736.3152, 1776.2639, 1815.2639, 1859.7639, 1890.7639, 1922.2639, 2002.2639, 2034.7638, 2096.2638, 2148.2638, 2176.7638, 2198.7638, 2228.7637, 2266.7637, 2304.2637, 2330.2637, 2386.2637, 2432.2636, 2462.2636, 2553.7635, 2677.2635, 2713.7635, 2738.7635, 2781.7635, 2815.7635, 2847.7634, 2875.7634, 2887.7634, 2924.7634, 2954.7634, 2972.2634]"
tvtjdv,qwIbwnxbzLU,"Oral Surgery | Medical Emergencies | INBDE, ADAT.mp4","[41.4747, 119.4747, 240.9747, 290.9746, 339.9746, 501.3691, 575.8691, 730.3691, 806.8691, 909.3691, 966.8691, 1039.3691, 1118.3691, 1169.3691, 1553.3889]"
yirczy,reqF1EORKSg,Head & Neck Anatomy | Muscles of Mastication | INBDE.mp4,"[10.1649, 67.1649, 228.6649, 285.1649, 370.6649, 441.6648, 579.2721]"
hkyigj,SGnIYlqel2s,"Endodontics | Procedural Complications | INBDE, ADAT.mp4","[24.2884, 229.6626, 400.1625, 589.8599, 709.3599]"
gxtjwd,SZFqei91R9w,"Oral Radiology | Film vs. Digital Imaging | INBDE, ADAT.mp4","[36.2316, 41.7316, 70.2316, 105.2316, 133.2316, 192.7316, 226.2316, 255.7315, 329.7315, 384.2315, 399.2315, 503.2315, 627.7315]"
ruweka,SZFqei91R9w,"Oral Radiology | Radiation Dose | INBDE, ADAT.mp4","[36.2316, 41.7316, 70.2316, 105.2316, 133.2316, 192.7316, 226.2316, 255.7315, 329.7315, 384.2315, 399.2315, 503.2315, 627.7315]"
ihdpjv,T6L_Q3TY63I,"Prosthodontics | Gypsum Materials | INBDE, ADAT.mp4","[16.5, 68.5, 149.5, 200.0, 326.0, 404.0, 423.5, 460.0, 540.0, 557.0, 608.0, 723.0, 801.9999]"
hrpnxe,tKcLwCPQc1U,Human Biology Lecture: Ch 6- Reproduction at the Cellular Level Part 1.mp4,"[25.5, 42.5, 77.5, 103.0, 119.5, 132.0, 194.0, 289.5, 491.5, 525.0, 631.0, 698.0, 808.0, 866.0, 883.0, 939.5, 1057.0, 1074.0, 1134.5, 1150.0, 1178.9999, 1189.9999, 1231.4999, 1240.9999, 1271.9999, 1395.4999, 1472.4999, 1527.4998, 1558.9998, 1597.4998, 1619.9998, 1833.9998]"
uhrpei,TucFrVQbKTg,"Human Biology Lecture: Ch 9- Molecular Biology, DNA and Gene Expression.mp4","[8.5, 29.9999, 37.9999, 40.9999, 75.4999, 103.9999, 124.9999, 263.4482, 288.4482, 304.9482, 348.4482, 436.9482, 471.4482, 540.4482, 552.4482, 593.9482, 606.9481, 610.4481, 642.9481, 666.4481, 695.4481, 716.948, 745.448, 748.448, 776.4479, 785.4478, 817.4478, 866.9478, 951.4478, 1011.4478, 1031.9478, 1080.9478, 1120.4478, 1147.4478, 1152.9478, 1193.4478, 1230.4478, 1257.4478, 1282.4478, 1305.4477, 1380.9477, 1433.4476, 1505.4476, 1577.9475, 1584.4474, 1697.9474, 1747.4474, 1819.4474, 1847.9473, 1924.551]"
xpetji,U6XA28g9tEE,"Endodontics | Adjunctive Treatment | INBDE, ADAT.mp4","[49.8864, 119.8864, 283.3864, 339.3864, 438.3864, 553.3864, 657.3864, 809.7559, 859.2558, 864.2558, 880.2558, 1016.2558, 1016.7557, 1024.7557, 1050.2556, 1097.7556, 1104.2555, 1150.7555, 1186.2555, 1368.2555, 1425.7555, 1435.7554, 1496.7554]"
dlxdzc,uM1JOFaATP4,Chapter 32   Tissues and Endocrine System.mp4,"[132.7332, 233.7332, 303.2332, 364.7332, 397.7332, 437.7332, 458.2332, 516.2332, 565.7332, 600.7332, 691.7332, 808.7332, 982.318, 1006.818, 1025.318, 1043.8179, 1064.8179, 1082.3179, 1100.3178, 1128.8178, 1195.8178, 1246.3178, 1295.3178, 1415.8178, 1449.3177, 1543.3177, 1591.8177, 1682.3177, 1726.3176, 1780.3176, 1861.3176, 1965.8176, 2055.7905, 2107.7905, 2142.7905, 2152.7905, 2202.7905, 2358.2905, 2410.2905, 2471.7905, 2502.7905, 2587.7905, 2638.7904, 2690.2904, 2737.7903, 2809.2903, 2847.2903, 2898.2902, 2978.2902, 3036.7902, 3099.7902, 3167.7902, 3264.2901]"
uszriv,UwqKCd6PM8Y,Orthodontic Treatment Pt. 2.mp4,"[20.0892, 52.5892, 71.0892, 140.5892, 243.0892, 284.0892, 429.5892, 489.5891, 550.0891]"
hjsbwd,Uxv9lSQGiws,"Oral Pathology | Salivary Gland Malignant Diseases | INBDE, ADAT.mp4","[5.3302, 48.3302, 75.3302, 108.3302, 171.3302]"
bsjwsj,WdqJlT1h8xA,"Operative Dentistry | Cavity Preparation | INBDE, ADAT.mp4","[20.3956, 186.7915, 268.7915, 563.2914, 576.2914, 591.2914, 801.7914, 853.2914, 958.7914, 1067.2913, 1073.7912, 1085.7912, 1113.7912, 1132.7911, 1186.2911, 1247.2911, 1301.791, 1337.791, 1370.291, 1398.291, 1541.791, 1569.2909, 1599.2908, 1761.2907, 1834.7907, 1894.7907]"
erhbqn,WGrvg7ZuPEc,"Pediatric Dentistry | PRACTICE QUESTIONS | INBDE, ADAT.mp4","[15.5, 15.5, 48.0, 163.609, 230.609, 331.609, 497.109, 605.109, 665.109, 725.109, 806.109, 884.109, 1056.109, 1140.609, 1267.1089, 1347.1089, 1523.5249]"
rskdzi,WGrvg7ZuPEc,"Pediatric Dentistry | Child Behavior | INBDE, ADAT.mp4","[15.5, 15.5, 48.0, 163.609, 230.609, 331.609, 497.109, 605.109, 665.109, 725.109, 806.109, 884.109, 1056.109, 1140.609, 1267.1089, 1347.1089, 1523.5249]"
uktblu,WqBw1n4u4gU,Oral Medicine | COPD & Asthma | INBDE.mp4,"[19.8386, 262.2059, 380.2059, 539.7058, 784.7058, 847.2057, 947.2057, 1205.2057, 1331.7057, 1407.2056, 1696.2056, 1772.2056]"
kjajup,wzthel3wEcw,"Oral Pathology | Mucosal Infections | INBDE, ADAT.mp4","[5.5, 31.5, 63.5, 90.5, 113.5, 152.5, 209.5, 243.0, 326.0, 341.0, 373.0, 491.9166]"
hripxz,X3wQCy5RIIw,Human Biology Lecture- Chapter 1: What is Life?.mp4,"[23.1144, 73.6144, 111.1144, 140.1144, 157.6143, 208.1143, 263.1143, 359.6143, 399.1143, 423.6143, 449.1143, 543.1143, 633.6143, 654.1142, 955.1142, 1023.6142, 1119.6141, 1205.6141, 1264.6141]"
mowrkl,xcOMHwjNLaA,"Lecture 5.2: Alignment and Representation (Multimodal Machine Learning, Carnegie Mellon University).mp4","[5.2546, 102.2546, 108.2545, 233.7545, 357.7545, 393.2545, 399.7545, 608.2558, 702.8572, 717.3572, 1227.3571, 1352.8571, 1445.8571, 1623.357, 1809.857, 1850.857, 1851.357, 1874.357, 1904.857, 1921.857, 1934.857, 1961.8569, 1970.8568, 1996.8567, 2441.8022, 2453.8022, 2525.3022, 2739.8022, 2784.4604, 2802.4604, 2825.9604, 2834.9603, 2930.9603, 2951.9603, 2952.9603, 2959.9603, 2963.9602, 2967.4602, 2968.9601, 2970.96, 2971.9599, 2978.9599, 3047.4599, 3094.9599, 3288.9599, 3369.4599, 3490.4598, 3536.4598, 3572.4598, 3726.4598, 3807.9597, 3822.4597, 3823.9597, 3828.4597, 3829.9597, 3848.9597, 4023.4597, 4041.9597, 4072.9597, 4080.9596, 4083.4595, 4130.9595]"
asycxh,xdhp4L_w2hc,"Oral Surgery | Instrumentation for Extraction | INBDE, ADAT.mp4","[67.9999, 220.454, 381.454, 438.454, 473.4539, 573.4539, 769.5615, 913.0615, 972.5615, 1130.5615, 1293.2357, 1353.7357, 1448.2357]"
pidfog,xdhp4L_w2hc,"Oral Surgery | Biopsy Techniques | INBDE, ADAT.mp4","[67.9999, 220.454, 381.454, 438.454, 473.4539, 573.4539, 769.5615, 913.0615, 972.5615, 1130.5615, 1293.2357, 1353.7357, 1448.2357]"
xdrrpx,xdhp4L_w2hc,"Oral Surgery | Simple Extraction | INBDE, ADAT.mp4","[67.9999, 220.454, 381.454, 438.454, 473.4539, 573.4539, 769.5615, 913.0615, 972.5615, 1130.5615, 1293.2357, 1353.7357, 1448.2357]"
wqyijj,XqzL4f6L_Fo,"Patient Management | Evidence-Based Dentistry | INBDE, ADAT.mp4","[22.5622, 104.0622, 166.0622, 527.0947, 650.0947, 742.0947, 858.0947, 967.0947, 1054.5947, 1146.5947, 1396.7655, 1458.2654, 1626.189, 1753.689, 1932.1889, 2252.6889, 2434.0093]"
ejftjw,XV2vQEfJccE,"Prosthodontics | Dental Cements | INBDE, ADAT.mp4","[13.4642, 44.9642, 119.4642, 201.9642, 239.4642, 288.9642, 345.4642, 475.9642, 529.4642, 834.4642, 862.4642]"
vxcarn,y5KMF4sUHEg,Developmental Psychology - Cognitive & Physical Development Childhood - CH6.mp4,"[11.7746, 180.7746, 309.2745, 469.2745, 576.2745, 701.7745, 760.7745, 879.7745, 966.7744, 1210.7744, 1417.2744, 1712.7744, 1839.2744, 2055.274, 2326.7512, 2538.7511, 2699.7511, 2787.7511, 3006.0376, 3371.4423, 3518.9444, 3735.666]"
zlervx,Ybv_JU0IoEM,Human Anatomy Lecture  Ch 17 Endocrine System Pt 2.mp4,"[76.1287, 102.6287, 163.6287, 223.1287, 301.6287, 341.6287, 359.6287, 382.1287, 403.6287, 449.6286, 470.6286, 481.6286, 508.6286, 541.1285]"
wzxlvf,Yeq6LO3q4Vo,"Periodontics | New Classification System | INBDE, ADAT.mp4","[45.8432, 90.3432, 122.3432, 141.3432, 304.8432, 352.8431, 356.843, 365.843, 369.3429, 433.8429, 497.8429, 579.3428, 631.3428, 671.3427, 785.8427, 843.3427, 889.8427, 1062.3427, 1126.8427, 1307.8426, 1329.3426, 1492.8426, 1514.8426, 1610.8426, 1619.8425, 1757.3425, 1765.8424, 1805.8423, 1874.3423, 1918.3423, 1978.8423, 2037.3423]"
shngtp,YVlsHc5SvOs,"Periodontics | Adjunctive Therapy | INBDE, ADAT.mp4","[19.7317, 156.7317, 199.2317, 258.2317, 371.2317, 462.7316, 494.2316, 530.7315, 625.2315, 677.2315, 726.6018, 796.1018, 865.1018, 898.1018, 928.1018, 1127.6018]"
